user_id,time,geo,polarity,subjectivity,wordnouns,hashtags
1495231,2016-05-09 19:56,,0.0,0.0,"nato,chiefs issue security warnings,brexit,are_iosapp_other …",
616280770,2016-05-09 19:29,,0.0,0.0,"brexit essentials,contingency",
52074241,2016-05-09 19:26,,0.5,0.5,"frankfurt,brexit,frankfurt,brexit",
621523,2016-05-09 19:13,,-0.004166666666666652,0.7791666666666667,"frankfurt,wrong geographic place,london,uk,london",#Brexit
2776595738,2016-05-09 19:07,,0.0,0.0,"retweeted gabouille,merci,à d avoir organisé,conférence sur,avec ...",#brexit
531734926,2016-05-09 18:51,,0.0,0.25,"exclusive,london,sadiq khan,extremism brexit,donald trump",
66338890,2016-05-09 18:35,,0.42500000000000004,0.55,"tracy emin,wwiii,great expert",#newsnight
3964549335,2016-05-09 18:29,,-0.056249999999999994,0.44375,,#DavidCameron #Brexit #BBC #SKY
136219101,2016-05-09 18:11,,-0.25,0.39999999999999997,"big banks,uk,brexit,vote looms",
2377123825,2016-05-09 18:06,,0.0,0.0,"breaking,cameron,britain,reaking_vikings_will_re_invade_britain_in_event_of_brexit … pic.twitter",#Brexit
380879334,2016-05-09 17:52,"Madrid, Spain",0.0,0.0,"si hay,brexit,todavia mejor,que,quede ni un rastro,socialdemocracia europea",
3161637466,2016-05-09 17:47,,0.0,0.0,,#dodgydave #resign #brexit
2231448409,2016-05-09 17:42,,0.0,0.0,eu,#EUref #EUreferendum #Brexit #VoteLeave #Remain
35429790,2016-05-09 17:31,,-0.32,0.45999999999999996,"eu,european union,'s bloody,essential bbc.co,cs-eu-referendum-36251228 …",#Brexit
2849651386,2016-05-09 17:21,,0.21428571428571427,0.5714285714285714,"scotland,'s wishes 'd,trigger -nicola,sturgeon",#Brexit #indyref
310746442,2016-05-09 17:18,,0.21666666666666665,0.36666666666666664,enemies pic.twitter,#Brexit #BBCnews
337862963,2016-05-09 17:12,,0.0,0.0,"war ... vs telegraph.co,… pic.twitter",#EUref #Brexit
36047098,2016-05-09 17:02,,0.0,0.0,uk,#Brexit
720098948736790528,2016-05-09 16:57,,0.225,0.9,"dear david,m8,eu power corrupts,absolute eu power corrupts absolutely",#EU #brexit #UK #Leave #Remain #euref
600947151,2016-05-09 16:48,,0.8,0.75,"brexit,great people,uk",
233621615,2016-05-09 16:34,,0.0,0.0,"david cameron,heir,blair,'s lie,world war",#Brexit
514299439,2016-05-09 16:28,,0.0,0.0,"brexit,city jobs",
2190315380,2016-05-09 16:16,,0.0,0.0,cameron,#Brexit
379851447,2016-05-09 16:13,,0.0,0.0,"purcell,britons,strike home,bonduca,hogwood,y1ses",#EU #brexit #referendum #voteleave
2291380647,2016-05-09 15:55,,0.0,0.0,"eu,day’ fifth,consecutive poll,britain,brexit",
424975108,2016-05-09 15:53,,0.0,0.0,"have,questions need,... ..",#brexit #eureferendum
607557900,2016-05-09 15:44,,0.0,0.0,"sky,wetherspoon boss gives,brexit,iw3ole7iq",
198884118,2016-05-09 15:33,,0.0,0.0,"world 's bankers,uk,britain",#EURef #Brexit
1733162454,2016-05-09 15:26,,0.08333333333333333,0.6666666666666666,"gullible wan,inherent disposition,voiceless tool,remain",#Brexit
128633483,2016-05-09 15:17,"New Milton, England",0.0,0.0,"leaving,eu,stress incontinence endemic",#Brexit
27646928,2016-05-09 15:07,,0.0,0.0,"brexit,question ...",
208740796,2016-05-09 15:01,,-0.16666666666666666,0.16666666666666666,lady 's,#Eli #Brexit
712295183589777408,2016-05-09 14:57,,-0.15555555555555559,0.2888888888888889,"brussels,uk,eu,brexit",
199805985,2016-05-09 14:52,,0.3,0.5625,own future,#VoteLeave #Brexit
314823417,2016-05-09 14:39,,1.0,1.0,"independence,westminster,brussels,indyref,= vote,brexit",
381682856,2016-05-09 14:29,,-0.25625,0.54375,"cameron,'s speech,brexit",
270416438,2016-05-09 14:26,,0.0,0.0,"laabour,tristram hunt,david cameron,'s linke,8zhzu …",#Brexit #C4News
55935057,2016-05-09 14:19,,0.0,0.0,"eu,europe,christian… europe",#Brexit #VoteLeave #UKIP
621655214,2016-05-09 14:11,,0.0,0.0,"kreikan,työttömyys- %,miksi,hemmetissä kippaisivat lisää rahaa tuonne",#brexit
395218906,2016-05-09 14:02,,0.0,0.0,"cameron,brexit,«senza di noi più rischi di guerra,europa»",
18935802,2016-05-09 14:01,,0.0,0.0,"brexit cameron,lancia l'allarme,se,uscissimo dall'ue tornerebbe il rischio guerra",
1120176974,2016-05-09 13:55,,0.0,0.0,"boris johnson mocks prime,brexit,stance",#iNewsPhoto
2970086913,2016-05-09 13:49,,0.0,0.0,"buy-to-let sale collapses amid brexit fear,buy-to-let-sale-collapses-amid-brexit-fear …",#propertyinvestment
19686204,2016-05-09 13:40,,0.0,0.0,"wolfgang tillmans speaks,guardian,brexit decision",
379851447,2016-05-09 13:36,,0.0,0.0,bill,#EU #brexit #referendum #voteleave
1606954561,2016-05-09 13:30,,0.15000000000000002,0.6000000000000001,"agreedhave,our nation,democracy,free",#Brexit
17895820,2016-05-09 13:16,,0.0,0.0,"eu,fifth,consecutive poll,britain",#EuropeDay #Brexit
237073565,2016-05-09 13:10,,-0.0851851851851852,0.12962962962962965,"military alliance,britain,eu",#Brexit
21021089,2016-05-09 13:04,,-0.30000000000000004,0.6,"twitter,knuckle",#Brexit
965175332,2016-05-09 12:56,,-0.020833333333333343,0.8125,"gutless leader,cameron,renegotiate,mind order,merkel,eu,brexit",
1602008330,2016-05-09 12:50,,0.0,1.0,"brexit,utter,david cameron,simon jenkins",
43085018,2016-05-09 12:41,,0.0,0.0,"orwell,'s dystopian 'animal farm,communist ideology,secretive federalist,eu",#EU #Brexit
243393079,2016-05-09 12:40,,0.022222222222222237,0.5555555555555555,"pm,ww3,contest opponents,open debate",#Brexit #Frit
243393079,2016-05-09 12:35,,-0.06666666666666665,0.5333333333333333,"cameron,serious risk,ww3,gove boris",#Brexit
2538090492,2016-05-09 12:29,,0.0,0.1,"uk gov't proposal,slice,dice,impact brexit",
98583506,2016-05-09 12:20,,0.0,0.0,"brexit,german car argument,water independent.co",
2733816872,2016-05-09 12:12,,-0.2916666666666667,0.5833333333333334,"cameron,brexit,alien invasion",
1053417984,2016-05-09 12:10,,-0.08333333333333333,0.25,"breaking,eu,polar ice caps",#Brexit #Sarcasm #Projectfear
20859275,2016-05-09 12:01,,0.0,0.0,"uk,cameron,eu,europe,-s-cameron-says-leaving-eu-would-increase-risk-of-war-1.408708 …",#Brexit
35760904,2016-05-09 11:56,,-0.3125,0.75,alien invasion,#Brexit
1537418791,2016-05-09 11:53,,-0.05,0.2,"buckinghamshire,hundreds,brexit,campaign launch,gerrards",#bucks
114781557,2016-05-09 11:47,,1.0,0.3,"brexit,europe’s,jules howard",
719939067136385024,2016-05-09 11:41,,0.0,0.0,"pubs,brexit,britain,'s boozers,leave eu,reveals shock poll",
1713162734,2016-05-09 11:32,,0.4,0.8,"cisi event,may,brexit,hedging,geopolitical uncertaint,boost free thinking etps,cisi-event-17-may-2016-britin-or-brexit-hedging-in-times-of-geopolitical-uncertaint,# .vzctj3cdql0.twitter …",#
30833016,2016-05-09 11:29,,0.0,0.0,"brexit,trigger world war,david cameron,rexit-could-trigger-world-war-7928607=sharebar_twitter …",#ICID
1229193234,2016-05-09 11:19,,0.0,0.0,"cameron,brexit",
4806808293,2016-05-09 11:14,,-0.15625,0.39375,"big increase,ministers’ power ’s expense,viii,clause” ils-brexit…",#Brexit
41637173,2016-05-09 11:04,,0.0,0.0,"boris johnson,eu,ukraine,crisis | politicshome,-policy- …",#brexit
158023349,2016-05-09 11:02,,0.1,0.1,"breffni,may financial,eye,uncertainty,price",#oil #gold #Brexit
555370896,2016-05-09 10:52,,0.5,0.5,"brexit,trigger revolution,laws officials,telegraph",
943718186,2016-05-09 10:48,"West Midlands, England",0.0,0.0,"brexit,ww3,parody account",
1642335342,2016-05-09 10:40,,0.0,0.0,"spare,brexit",
2884771,2016-05-09 10:35,,0.11111111111111112,0.18888888888888888,"boris johnson,prime,david cameron,'s claims,brexit",
16596200,2016-05-09 10:29,,-0.1,0.65,unaffordable green energy policies,#Brexit
555370896,2016-05-09 10:20,,0.3,0.9,"hm,forces,eu,forces,gb",#Brexit
24481831,2016-05-09 10:16,,0.3333333333333333,0.6666666666666666,"david cameron,'bold patriotic case,brexit",
2477224458,2016-05-09 10:04,,0.06818181818181818,0.22727272727272727,"looks,new axis,trump,brexit,putin,angela,... …",
50295156,2016-05-09 10:01,,0.2,0.5,"brexit,policy arguments,identity politics",
190800033,2016-05-09 09:55,,0.35,0.55,"watch,made,midlands,brexit",
271480486,2016-05-09 09:53,,0.35,0.55,"watch,made,midlands brexit",
3342929843,2016-05-09 09:47,,0.05000000000000002,0.5,"michael gove,cbi carolyn fairbairn",#Brexit
10715902,2016-05-09 09:41,,0.0,0.0,"'d forgotten,guardian,reliability ... 'could,k=-bsvgf4_xof-coxtg209qbqmhwg …",#Brexit
2285631986,2016-05-09 09:33,,0.34545454545454546,0.5,"crispin blunt comes,live,politics,euro guido brilliant,tory mps",#Brexit #Brexiteers
40658880,2016-05-09 09:30,,0.0,0.0,"got,cameron,war nonsense,ca,remainers",#Brexit
28138931,2016-05-09 09:26,,0.0,0.0,brexit,
406431568,2016-05-09 09:22,,0.13636363636363635,0.45454545454545453,"new post,brexit,” talk,it’s job,gbp,support pic.twitter",
28410012,2016-05-09 09:12,,0.0,0.0,war,#Remain #lalalala #Brexit #EUref
211097464,2016-05-09 09:03,"East Midlands, England",-0.08806818181818182,0.5710227272727273,,#ForestryJournal #Arboriculture #Brexit
1068121346,2016-05-09 09:00,,0.0,0.0,"europe,'s governments,referendum contagion,… pic.twitter",#Brexit #4ldqpgm
524606927,2016-05-09 08:59,,0.0,0.0,"pharma,brexit,uk,drug delays",
150406449,2016-05-09 08:53,,0.0,0.0,"boris,brexit will,spark,world war,reigns boris-brexit-will-not-spark-world-war-three …",#confusion
399479943,2016-05-09 08:45,,0.0,0.0,,#Brexit #mygeneration
2784280027,2016-05-09 08:41,,0.390625,0.5,,#UK #Brexit #DavidCameron
148004552,2016-05-09 08:37,,0.16666666666666666,0.5,"england,brexit",
383867563,2016-05-09 08:29,,0.0,1.0,"need,brexit,berlin may,reuters,politicians",
4559541975,2016-05-09 08:27,,0.0,0.0,"brexit,endanger peace,pm david cameron,stick",#TakeControl #VoteLeave
4894789000,2016-05-09 08:20,,0.0,0.0,"well,joanne,... bravo,... oh,... .. …",#brexit
67879486,2016-05-09 08:13,,-0.03333333333333336,0.5,wo n't,#EU #ThinkTanks #Brexit #EUref
724365811159339009,2016-05-09 08:07,,0.22727272727272727,0.5454545454545454,"positive case,eu",#StrongerIn #brexit
210376076,2016-05-09 08:03,,0.0,0.0,"england,growth forecasts,brexit",
174230277,2016-05-09 08:00,,-0.625,1.0,"cam,ww3,boris",#Brexit
15424344,2016-05-09 07:51,,0.0,0.0,"david cameron,churchill,zou mij steunen,strijd tegen brexit",
1893530402,2016-05-09 07:44,,0.0,0.0,"brexit seen putting,billion pounds,whisky exports,risk",
1660208966,2016-05-09 07:39,,0.0,0.0,"europeans,britain,brexit",
123336852,2016-05-09 07:38,,0.0,0.0,"cameron,dice que el ‘,brexit,’ amenaza,paz y,europa,… vía",
183211868,2016-05-09 07:33,,0.0,0.0,"global version,brexit,conversation …",
298689306,2016-05-09 07:25,,0.0,0.0,"qna,uk,warns brexit,endanger,europe",
78034330,2016-05-09 07:21,,1.0,0.3,"eu-uk,ess- …",#Brexit
1574528046,2016-05-09 07:17,,0.0,0.0,"möglicher eu-austritt,warnt vor,kriegsgefahr,demokratie,krieg,die nerven,liegen wohl sehr blank",#Cameron #Brexit
410179730,2016-05-09 07:14,,0.0,0.0,"retweeted,city week,philipp hildebrand",#Debate #Brexit
4045734256,2016-05-09 07:09,,0.0,0.0,"tory,civil war,david cameron,sides need",#Brexit #VoteLeave
23713069,2016-05-09 07:04,,0.0,0.0,"europe,leadership transition",#bbcdp
326641357,2016-05-09 07:01,,0.0,0.0,"brexit,movie",
270416438,2016-05-09 06:58,,0.0,0.125,"boris,eu,not,europe",#BBCNewsChannel #SkyNews #Brexit
270416438,2016-05-09 06:51,,0.0,1.0,"who,ttip,europe,brexit",
2437298305,2016-05-09 06:45,,0.19999999999999998,0.65,"ecb’s constancio,brexit,negative consequences",#forex #forextrading
2841025575,2016-05-09 06:38,,0.0,0.0,"brexit poll,remain",
352622576,2016-05-09 06:33,,0.0,0.0,"camoron,deperate ... ..",#Brexit
18449371,2016-05-09 06:33,,0.0,0.0,"cameron,johnson,tory,civil war,brexit,utm_source=email …",
27652717,2016-05-09 06:25,,0.19999999999999998,0.65,"ecb’s constancio,brexit,negative consequences",
2959505489,2016-05-09 06:19,,0.35,0.65,"note,all the,guys were asked to leave the area before this photo as taken",#UK #EU #BREXIT #RMAINERS
84334894,2016-05-09 06:16,,0.0,0.0,"carney,rate cut,brexit,| mortgage,strategy,anks-to-prepare-for-rate-cut-in-event-of-brexit/ # .vzbjfplg2r4.twitter …",#
397308109,2016-05-09 06:11,,0.0,0.0,"brexit,blood ...,pm david cameron,fear’,world war",
193241304,2016-05-09 06:05,,0.0,0.0,brexit,#EUreferendum #EuropeDay
4819799303,2016-05-09 05:57,,0.0,0.0,"eu,brexit,europe",
573717303,2016-05-09 05:48,,0.0,0.0,"thoroughly,shameless plug,brexit,survival",
136331026,2016-05-09 05:46,,0.0,0.0,"cameron,brexit,threatens peace,europe,prime,david cameron,british exit ...",
5967972,2016-05-09 05:41,,0.1181818181818182,0.41893939393939394,"bbc,clearly,dyson,new project,cambridge",#Brexit
956311722,2016-05-09 05:36,,0.0,0.0,"david cameron,'s warning,brexit",
276910618,2016-05-09 05:26,,0.0,0.0,predicts sky,#ChickenLicken #brexit #Cameron
154350597,2016-05-09 05:25,,0.24444444444444446,0.4666666666666666,"ww3,economic catastrophe,david cameron",#Brexit #liar
2394317406,2016-05-09 05:19,,0.0,0.0,"'s news > president 's,brexit,contageon warning,peace pollstation",#EUreferendum #Commission #Brexit #Cameron
1606954561,2016-05-09 05:11,,-0.10000000000000002,0.3666666666666667,tue,#Brexit
507429750,2016-05-09 05:08,"Great Barugh, England",0.0,0.0,brussels,#Brexit #LeaveEU
1241077735,2016-05-09 05:01,,0.03125,0.78125,"brexit,house prices warns,osborne",
2242207094,2016-05-09 04:56,,-0.45,0.6,"cameron,ttip,brexit,in",
231198606,2016-05-09 04:48,,0.0,0.0,"brexit,brexit,june,guide officiel",
459390022,2016-05-09 04:43,,-0.3125,0.6875,"brexit,war,leavers,julian lewis mp,remainers",
174230277,2016-05-09 08:00,,-0.625,1.0,"cam,ww3,boris",#Brexit
15424344,2016-05-09 07:51,,0.0,0.0,"david cameron,churchill,zou mij steunen,strijd tegen brexit",
1893530402,2016-05-09 07:44,,0.0,0.0,"brexit seen putting,billion pounds,whisky exports,risk",
1660208966,2016-05-09 07:39,,0.0,0.0,"europeans,britain,brexit",
123336852,2016-05-09 07:38,,0.0,0.0,"cameron,dice que el ‘,brexit,’ amenaza,paz y,europa,… vía",
183211868,2016-05-09 07:33,,0.0,0.0,"global version,brexit,conversation …",
298689306,2016-05-09 07:25,,0.0,0.0,"qna,uk,warns brexit,endanger,europe",
78034330,2016-05-09 07:21,,1.0,0.3,"eu-uk,ess- …",#Brexit
1574528046,2016-05-09 07:17,,0.0,0.0,"möglicher eu-austritt,warnt vor,kriegsgefahr,demokratie,krieg,die nerven,liegen wohl sehr blank",#Cameron #Brexit
410179730,2016-05-09 07:14,,0.0,0.0,"retweeted,city week,philipp hildebrand",#Debate #Brexit
4045734256,2016-05-09 07:09,,0.0,0.0,"tory,civil war,david cameron,sides need",#Brexit #VoteLeave
23713069,2016-05-09 07:04,,0.0,0.0,"europe,leadership transition",#bbcdp
326641357,2016-05-09 07:01,,0.0,0.0,"brexit,movie",
270416438,2016-05-09 06:58,,0.0,0.125,"boris,eu,not,europe",#BBCNewsChannel #SkyNews #Brexit
270416438,2016-05-09 06:51,,0.0,1.0,"who,ttip,europe,brexit",
2437298305,2016-05-09 06:45,,0.19999999999999998,0.65,"ecb’s constancio,brexit,negative consequences",#forex #forextrading
2841025575,2016-05-09 06:38,,0.0,0.0,"brexit poll,remain",
352622576,2016-05-09 06:33,,0.0,0.0,"camoron,deperate ... ..",#Brexit
18449371,2016-05-09 06:33,,0.0,0.0,"cameron,johnson,tory,civil war,brexit,utm_source=email …",
27652717,2016-05-09 06:25,,0.19999999999999998,0.65,"ecb’s constancio,brexit,negative consequences",
2959505489,2016-05-09 06:19,,0.35,0.65,"note,all the,guys were asked to leave the area before this photo as taken",#UK #EU #BREXIT #RMAINERS
84334894,2016-05-09 06:16,,0.0,0.0,"carney,rate cut,brexit,| mortgage,strategy,anks-to-prepare-for-rate-cut-in-event-of-brexit/ # .vzbjfplg2r4.twitter …",#
397308109,2016-05-09 06:11,,0.0,0.0,"brexit,blood ...,pm david cameron,fear’,world war",
193241304,2016-05-09 06:05,,0.0,0.0,brexit,#EUreferendum #EuropeDay
4819799303,2016-05-09 05:57,,0.0,0.0,"eu,brexit,europe",
573717303,2016-05-09 05:48,,0.0,0.0,"thoroughly,shameless plug,brexit,survival",
136331026,2016-05-09 05:46,,0.0,0.0,"cameron,brexit,threatens peace,europe,prime,david cameron,british exit ...",
5967972,2016-05-09 05:41,,0.1181818181818182,0.41893939393939394,"bbc,clearly,dyson,new project,cambridge",#Brexit
956311722,2016-05-09 05:36,,0.0,0.0,"david cameron,'s warning,brexit",
276910618,2016-05-09 05:26,,0.0,0.0,predicts sky,#ChickenLicken #brexit #Cameron
154350597,2016-05-09 05:25,,0.24444444444444446,0.4666666666666666,"ww3,economic catastrophe,david cameron",#Brexit #liar
2394317406,2016-05-09 05:19,,0.0,0.0,"'s news > president 's,brexit,contageon warning,peace pollstation",#EUreferendum #Commission #Brexit #Cameron
1606954561,2016-05-09 05:11,,-0.10000000000000002,0.3666666666666667,tue,#Brexit
507429750,2016-05-09 05:08,"Great Barugh, England",0.0,0.0,brussels,#Brexit #LeaveEU
1241077735,2016-05-09 05:01,,0.03125,0.78125,"brexit,house prices warns,osborne",
2242207094,2016-05-09 04:56,,-0.45,0.6,"cameron,ttip,brexit,in",
231198606,2016-05-09 04:48,,0.0,0.0,"brexit,brexit,june,guide officiel",
459390022,2016-05-09 04:43,,-0.3125,0.6875,"brexit,war,leavers,julian lewis mp,remainers",
user_id,time,geo,polarity,subjectivity,wordnouns,hashtags
109945090,2016-05-09 19:54,,0.25,0.75,"nigel farage,safe option,brexit",
335857410,2016-05-09 19:35,,0.1660894660894661,0.5007215007215007,"yeah,brexit,new trade deals,easy,ca",
328484372,2016-05-09 19:19,,0.0,0.0,~ ~ pic.twitter,#Brexit #GO #LeaveEU
368215075,2016-05-09 19:15,,0.0,0.0,"boris johnson,david cameron’s,brexit,trigger war,europe,prime minist…",
479810905,2016-05-09 19:03,,0.25,1.0,"idolo,boris johnson ex sindaco di londra perora la causa del brexit,modo suo..",#VoteLeave
138579043,2016-05-09 18:50,"East Midlands, England",0.5,0.5,,#UKIP #Brexit
937067455,2016-05-09 18:34,,0.0,0.0,"brexit,europe",
244149052,2016-05-09 18:16,,0.0,0.0,"cuckoos,politics brexit,elections,fact,politicians,normality",
21417687,2016-05-09 18:10,,0.21428571428571427,0.5714285714285714,"intelligence community,europe—and,brexit,t-would-not-damage-uk-security …",
2810050196,2016-05-09 18:01,,0.09999999999999998,0.75,"stanley johnson,boris,brexit,eu,good ...",#cavs
612473,2016-05-09 17:51,"Lambeth, London",0.0,0.0,"germany,brexit,eu,trade etc",
2924436426,2016-05-09 17:45,,-1.0,1.0,"remind,brexit,eu,eu,expansionist occupiers,nation states",
1084261374,2016-05-09 17:38,,0.0,0.5,"brexit,sounds,breakfast cereal,such thing,tess daley",
736878852,2016-05-09 17:34,,0.0,0.0,"watch,michael howard,eu,britain",#Brexit
60161570,2016-05-09 17:21,,0.0,0.25,"exclusive,london,sadiq khan,extremism brexit,donald trump,ha",
537370052,2016-05-09 17:19,,0.25,0.25,"brexit,phil cox,nomy- …",#StartupOutlook
102818182,2016-05-09 17:09,,0.2857142857142857,0.5357142857142857,"winston churchill,who",#StrongerIn #Brexit #VoteLeave #EURef
379851447,2016-05-09 17:03,,0.0,0.0,keep britain,#EU #brexit #referendum #voteleave
193377795,2016-05-09 16:52,,0.25,0.25,boris,#Brexit #VoteLeave
4865193790,2016-05-09 16:48,,0.43333333333333335,0.8333333333333334,"uk,europe,obama,brexit,backfire nydailynews,olton-u-leave-europe-article-1.2628019 …",
450148217,2016-05-09 16:40,,0.0,0.0,"canadians,brexit,ipsos",
23290375,2016-05-09 16:31,,0.0,0.0,"eu,day’ fifth,consecutive poll,britain,brexit",
20850076,2016-05-09 16:21,,0.0,0.0,"eu will,brexit,trigger world war,david cameron,rexit-could-trigger-world-war-7928607=sharebar_twitter …",#ICID
275896693,2016-05-09 16:11,,0.0,0.0,,#Brexit
517887858,2016-05-09 16:00,,0.4,0.5,"brexit,gove",
3244826380,2016-05-09 15:49,,0.625,0.5,"founder,jd wetherspoon",#Brexit #VoteLeave
636295517,2016-05-09 15:37,,0.0,0.0,"russian aggression,eu,n0y00pc",#euref #Brexit
33408149,2016-05-09 15:34,,0.0,0.125,"boris,'liberal cosmoplitan,brexit,independent arserag",
424975108,2016-05-09 15:27,,0.0,0.0,"always- name,geopolitical challenge,ukraine,migration etc",#brexit #ioddebate
10715902,2016-05-09 15:15,,0.4,0.8,"listen,free uk,boo",#Brexit
2718205451,2016-05-09 15:08,,-0.03333333333333333,0.4962962962962963,"'ll show,blatant,pro-eu propaganda",#Brexit
763977636,2016-05-09 14:59,,0.0,0.0,"expecting,feisty discussion",#IoDDebate #Brexit
12912542,2016-05-09 14:58,,0.2333333333333333,0.4000000000000001,"guess what happened,good idea,open home,male refugee dish-mother-opens-her-home-to-muslim-refugee-who-immediately-sexually-molests-her-10-year-old-daughter… pic.twitter",#Swedish #BREXIT
132448509,2016-05-09 14:51,,0.0,0.0,"retweeted avv,giuseppe palma,quel,coglione di,cameron,detto che",#BREXIT
1125937411,2016-05-09 14:40,,0.35,0.35,"gove,boris",#Brexit
725298916938403846,2016-05-09 14:36,"Ermont, France",0.0,0.0,"jeunes,débat actuellement des crises traversées par l'ue,brexit crise,migratoire ... pic.twitter",#fetedeleurope
28754604,2016-05-09 14:24,,0.2,0.7,"free,arse,wo,fooled",#Brexit
247684341,2016-05-09 14:19,,0.03535353535353535,0.4474747474747475,"breaking,black lace,agadoo,new national anthem,new poll,... pic.twitter",#brexit
201003319,2016-05-09 14:12,,0.0,0.0,"un,vrai risque avec,ecosse,qui veut rester,europe,risque,un autre referendum après,ecosse",#Brexit #EuropeDay #MoDem91
277640907,2016-05-09 14:05,,-0.25,0.5,"no more,ifs buts,facts",#Brexit
185478310,2016-05-09 13:56,,0.10909090909090909,0.5151515151515151,"brexit,positive vision,britain’s,world standard.co",#Brexit #UK #MakeTheUnitedKingdomGreatAgain
716027743,2016-05-09 13:52,,0.0,0.0,,#Brexit
183211868,2016-05-09 13:47,,0.0,0.0,permanent damage,#Brexit #ft125
492034711,2016-05-09 13:41,,-0.025,0.35,"martians,venusians",#Brexit
560881004,2016-05-09 13:36,,0.0,0.125,"brexit,looking",
2233176111,2016-05-09 13:29,"Belfast, Northern Ireland",0.0,0.0,"cross-border trade,ireland",#Brexit
43085018,2016-05-09 13:15,,0.0,0.0,"economist,who,eu",#Remain #Brexit
405186224,2016-05-09 13:11,,0.0,0.5,"cameron,war threat,not",#Brexit
10715902,2016-05-09 13:06,,0.4,0.8,"listen,free uk,message,labour,tuaeu,6… < <",#Brexit
14287573,2016-05-09 13:00,,0.375,0.875,"house prices,britain,exchequer osborne",#Brexit
49592293,2016-05-09 12:50,,0.0,0.0,"drawing,cameron,britain,eu",#Brexit #EUref
90037107,2016-05-09 12:41,,0.10000000000000002,0.6,"real point,tories,brexit,heavy hitters",#EUreferendum
379851447,2016-05-09 12:38,,0.8,0.75,"phil ackermann,brexit,great escape",#EU #brexit #referendum #voteleave
317679514,2016-05-09 12:34,,0.0,0.0,"cameron,brexit,senza di noi l'europa rischia,velvet,italia",
145675012,2016-05-09 12:25,,0.0,0.0,"'s decision time,reflections",#EU #Brexit
2188064075,2016-05-09 12:17,,0.0,0.0,"cameron,waterloo,eton,cs-eu-referendum-36243296 …",#Brexit
282870369,2016-05-09 12:14,,0.0,0.0,"vote,britain,eu,america out,nau,sovereignty",#Brexit #Trump2016
19287584,2016-05-09 12:09,,0.13636363636363635,0.45454545454545453,"watch brexit,mps,committee appearance huffingtonpost.co,ve-brexit-matthew-elliot_uk_57309f28e4b0ade291a23df0 …",
45376237,2016-05-09 12:04,,0.0,0.0,"downing,spy chiefs,brexit",
103554348,2016-05-09 11:55,,0.0,0.4,"yes voters,similar constitutional argument",
710939329233821697,2016-05-09 11:50,,0.0,0.0,"conspicuously,word sovereignty",#EUref #Brexit #LeaveEU
19345311,2016-05-09 11:43,,0.0,0.0,,#Brexit
2296133130,2016-05-09 11:35,,-0.017857142857142863,0.41428571428571426,"large,impose uniformity,small states",#brexit
3306533859,2016-05-09 11:32,"Kirkburton, England",0.5,0.2,brexit,
4174131,2016-05-09 11:24,,-0.024999999999999994,0.575,"poland,1m bods,euproject",#Brexit
128865117,2016-05-09 11:20,,0.30000000000000004,0.55,"boris johnson,brexit",
85386747,2016-05-09 11:13,,0.06666666666666667,0.637962962962963,,#Greece #VoteLeaveEU #Brexit
3721407072,2016-05-09 11:07,,0.125,0.16666666666666666,"alex salmond,brexit,alex…",#3Novices
400043577,2016-05-09 11:04,,0.0,0.0,"brexit,eu,tighter control",
853711446,2016-05-09 10:56,,0.13636363636363635,0.45454545454545453,"snp,leader calls,scotland,new referendum,brexit,passes rt,independence-brexit- # .vxpdoava6si.twitter …",#
36323374,2016-05-09 10:43,,0.0,0.0,"cameron,paz y,europa",
58944536,2016-05-09 10:40,,0.2,0.2,"eu,eu,scare tactics",#Brexit
236393915,2016-05-09 10:32,,0.0,0.0,"brexit,cameroon,plague",
22646514,2016-05-09 10:24,,0.3166666666666667,0.5833333333333334,"euro,brexit,-style vote,eu,membership pic.twitter",#EuropeDay
481011796,2016-05-09 10:20,,0.0,0.0,"/brexit-pubs-support-landlords-leave-eu …,pubs,brexit,britain,'s boozers,leave eu,reveals shock poll",
15073620,2016-05-09 10:14,,0.1,0.4,"brexit,sterling,phoney,real,pound’s rally",
3546846615,2016-05-09 10:06,,0.08333333333333333,0.7666666666666666,"pretty low grade stuff,brexit,potential war,europe",
83342310,2016-05-09 10:01,,0.25,0.5,"hunger,war poverty plague,uk leaves,europe,bollocks uk,eu look,brussels",#Brexit
702629203884302337,2016-05-09 09:57,,-0.1,0.05,,#EU #Brexit #WisdomOfCameron
257606752,2016-05-09 09:50,,0.1,1.0,"cameron’s brexit,crash house prices,ww3",
56378957,2016-05-09 09:46,,-0.11666666666666665,0.43333333333333335,"pm,'s warning,brexit,europe",
77776648,2016-05-09 09:43,,-0.16666666666666666,0.16666666666666666,"europeans want vote,eu membership",#Brexit
4676548814,2016-05-09 09:33,,0.0,0.0,"gps,uk david cameron fear mongers brexit will cause chaos,eu~",
2301638762,2016-05-09 09:31,,0.3181818181818182,0.6772727272727272,"news ...,iso",#UK #manufacturing #industry #Brexit #manufacturingnews
4428509920,2016-05-09 09:27,,0.0,0.0,"pm cameron,risk pic.twitter",#Brexit
2876637880,2016-05-09 09:20,,0.0,0.0,"brexit,prime,half-empty,exit half-full back-in,england",
275450107,2016-05-09 09:12,,1.0,0.3,"sparta,proto-fascist state",#Brexit
239355315,2016-05-09 09:04,,0.0,0.0,"sigue,última hora sobre el y el referéndum británico",#Brexit
4717936273,2016-05-09 09:02,,0.21666666666666667,0.5833333333333334,"brexit contagion,half,europeans,eu",
86746242,2016-05-09 08:58,,0.0,0.0,"unelected faceless,eu",#Brexit #EUref #LeaveEU
757109635,2016-05-09 08:51,,0.13636363636363635,0.5,"eu,boris johnson,brexit,world war,politics",
2831996451,2016-05-09 08:43,,0.10909090909090909,0.5151515151515151,"brexit,positive vision,britain’s,world standard.co",
2322906614,2016-05-09 08:39,,0.0,0.0,"decided,june",#brexit
281757115,2016-05-09 08:36,,0.0,0.0,"david cameron,endanger peace,risk turning,europe",#Brexit #EUWWII
761342191,2016-05-09 08:29,,0.5,0.5,david cameron,#Brexit
2795524054,2016-05-09 08:27,,0.0,0.0,"boris,brexit will,spark,world war,london,boris johnson",#BreakingNews #News
281089096,2016-05-09 08:21,,0.0,0.0,"argument =risk,europe,-hold water",#Does #Brexit
2223592112,2016-05-09 08:12,,-0.5,0.5,"knows,blatant liar",#ProjectFear #Brexit
891059384,2016-05-09 08:09,,0.4,0.8,"terrorist,brussels",#EU #EUisTheProblem #Brexit
1241258612,2016-05-09 08:02,,0.0,0.0,"britain,european union,brainer pic.twitter",#EUref #Brexit
22473844,2016-05-09 07:56,,0.0,0.0,"factsunlike gov leafletmr,blunt",#Brexit
220513043,2016-05-09 07:53,,0.0,0.0,"brexit,london,uk,financial",#London
2444516970,2016-05-09 07:46,,0.0,0.3,"invest,low cost index funds,cameron,brexit,'isol ...",#Betterment
130190749,2016-05-09 07:39,,0.08333333333333333,0.7666666666666666,"pretty low grade stuff,brexit,potential war,europe",
426518737,2016-05-09 07:34,,0.0,0.0,"als,eurozeloten,hoort zorgt,grexit,voor oorlog,brexit,zorgt voor oorlog,en erdogan,die,zorgt voor vrede",#idiots
402774826,2016-05-09 07:30,,-0.09722222222222221,0.16944444444444443,"public sector bodies,uld-have-less-impact-on-has-than-other-public-sector-bodies-says- …",#Brexit #ukhousing
412328544,2016-05-09 07:29,,0.0,1.0,"jobs,national living wage,brexit,data",
1538277925,2016-05-09 07:20,"West Midlands, England",0.0,0.0,"swedes,britain,eu,-tell-britain-if-you-leave-the-eu-well-follow… pic.twitter",#Brexit
2737630237,2016-05-09 07:15,,0.4,0.1,"ode,joy,borisjohnson",#VoteLeave #Brexit
379851447,2016-05-09 07:11,,0.0,0.0,"john bingley,british constitution -part,hoyuc …",#EU #brexit #referendum #voteleave
2913871461,2016-05-09 07:07,,0.07500000000000002,0.4,brexit,#news #finance
20051317,2016-05-09 07:03,,0.4,0.75,"boris,pm,brexit,war argument,nato",
321966406,2016-05-09 07:00,,0.10833333333333334,0.39166666666666666,"press conference,hilarious mess,waffle singing,eu,mafia",#BorisJohnson #Brexit
143112456,2016-05-09 06:56,,0.0,0.0,"ashurst,rob aird",#Brexit #CityWeek
28337061,2016-05-09 06:52,,0.0,0.0,"life sciences leaders,life sciences leaders",
631165417,2016-05-09 06:46,,0.16666666666666666,0.8296296296296296,"28-man pantomime horse,different directions,surely,britain,got talent",#Brexit #boris
434173247,2016-05-09 06:37,,0.5,0.8,"updated,expert panel discussion,free",#Brexit #Science
14998564,2016-05-09 06:35,,-0.033333333333333326,0.762962962962963,"rt,negative view,sure …",#Brexit #StrongerIn #ukmfg
2390636869,2016-05-09 06:29,"Manhattan, NY",0.26,0.49000000000000005,"sad thing,brexit,great gamechanger,cam,'s speech",
2204343496,2016-05-09 06:26,,0.2,0.2,"brexit,es-how-the-uks-business-leaders-really-feel-about-brexit …",
59418130,2016-05-09 06:21,,0.0,0.0,"citizennews,david cameron,brexit,world war,uk prime,david cam",
4032419357,2016-05-09 06:16,,-0.1,0.525,,#Brexit
701866563268378626,2016-05-09 06:09,,-0.175,0.6166666666666667,,#EURef #Brexit
379851447,2016-05-09 06:01,,0.4,0.8,free britain,#EU #brexit #referendum #voteleave
2795524054,2016-05-09 05:58,,0.0,0.0,"brexit,lead,says david cameron,david cameron,sir winston churchill",#BreakingNews #News
260632904,2016-05-09 05:49,,0.0,0.0,"ca n't,cameron,pm,'s office",#BREXIT
2960079645,2016-05-09 05:46,,0.5,0.5,"dictatorship,governments vote,ok commission",#EURef #Brexit #Remain
103065157,2016-05-09 05:37,,0.0,0.0,"eu,stop",#Brexit
234422995,2016-05-09 05:31,,0.0,0.0,"britain,brexit,debate matters,utm_term=eventurl_text …",#KnowRegisterVote
1113271,2016-05-09 05:27,,0.0,0.0,"kingdom,cameron makes imperialist case against brexit,either,europe,influences ...",
232614556,2016-05-09 05:22,,0.0,0.0,"not,him",#sCameron #Brexit #REMAIN #dilemma #Imustsupporthim
837933536,2016-05-09 05:20,,-0.25,1.0,"siemen,'s boss dismisses,michael gove,brexit,url= …",
28406063,2016-05-09 05:11,,-0.01666666666666668,0.35000000000000003,"either,opposite game",#brexit
379936910,2016-05-09 05:04,,0.35714285714285715,0.4642857142857143,"david,large spiders,bananas independent.co",#Cameron #Brexit
2950928613,2016-05-09 04:58,,0.06818181818181818,0.22727272727272727,"new feature-length documentary film shows,brexit",
578265441,2016-05-09 04:56,,0.0,0.0,"brexit,margaret",
124460391,2016-05-09 04:48,,0.0,0.0,"euit,ragnarok,thor",#StartaBrexitScareStory #Brexit #BrexitRisks #ProjectFear #bbcnews
337789834,2016-05-09 04:43,,0.0,0.0,"los habitantes,algunos países,ue,quieren decidir sobre el mercadodedinero,i-la-mitad-de-los-habitantes-de-algunos-paises-de-la-ue-quieren-decidir-sobre-el-brexit… pic.twitter",#brexit
4877601425,2016-05-09 04:39,,0.0,0.0,"david cameron,raises spectre,brexit,52-1538-11e6-b197-a4af20d5575e …",
272568753,2016-05-09 04:35,,0.4000000000000001,0.9,"leaving,eu,uk,huge meteor,pm",#ProjectFear #Brexit
42386100,2016-05-09 04:28,,-0.125,0.375,"‘all in’,project fear,alien,asteroid",#BREXIT
379851447,2016-05-09 04:22,,-0.05,0.1,"chris chope mp robin grey,self,uk,nawqa",#EU #brexit #referendum
2620623298,2016-05-09 04:12,,0.35,0.55,"ivan,brexit",
1384144730,2016-05-09 04:08,,1.0,0.3,"brexit,europe’s,jules howard",
19655136,2016-05-09 04:03,,0.0,0.1,"big mistake,britain,britain,merkel",#Brexit
124460391,2016-05-09 04:00,,0.5,0.625,"eu hotels,uk,continental breakfast ... ..",#StartaBrexitScareStory #Brexit #BrexitRisks #bbcnews
2346770258,2016-05-09 03:56,,0.0,0.0,"brexit,europe david cameron,warns newslocker,… pic.twitter",#London
61183568,2016-05-09 03:51,,0.06818181818181818,0.75,"uk,uk,frm eu",#eu #brexit
2993841922,2016-05-09 03:47,,0.0,0.125,"ttip,comment,voices,brexit,/what-is-ttip-and-six-reasons-why-the-answer-should-scare-you-9779688.html …",
110933421,2016-05-09 03:43,,-0.4,0.4,"game theorist pins,market fortunes,brexit",#Spain
14224719,2016-05-09 03:36,,-0.05000000000000002,0.75,"eu,eu eu,europe",#Brexit
19017675,2016-05-09 03:34,,0.5,0.5,,#UKIP #Brexit #Iwantmycountryback
202091510,2016-05-09 03:32,,0.0,0.0,mark carney,#rates #Brexit
402253671,2016-05-09 03:27,,-0.4625,0.65,eu,#Cameron #Brexit
255687740,2016-05-09 03:26,,0.0,0.0,"david cameron,latvia lithuania,ukraine,soviet union",#Brexit #VoteLeave
347863892,2016-05-09 03:19,,0.0761904761904762,0.26587301587301587,"boris,gove,single market,limit immigration,'ve thrown,economic case,brexit",
2580764783,2016-05-09 03:17,,0.0,0.0,"nutcase,eu,eu,brexit,dominoes",
83860499,2016-05-09 03:09,,0.0,0.1,"n't trust,brexit,n't trust,cameron,pm",
27420700,2016-05-09 03:03,,0.13636363636363635,0.5,"europeans,britain,brexit",
316511071,2016-05-09 03:02,,-0.3,0.5,"mars,desperate",#brexit
17427729,2016-05-09 02:57,,-0.5,0.4,unless,#VoteLeave #Brexit
22067083,2016-05-09 02:51,,0.0,0.95,"warning,eu,cold sores haemorrhoids,premature ejaculation,unprecedented level",#Brexit #LeaveEU
14803203,2016-05-09 02:46,,0.0,0.0,"europeans,britain,brexit,heartland are_androidapp_tweet …",
23643572,2016-05-09 02:38,,0.0,0.15000000000000002,"brexit,waste time,uk,eu,real topics,boogieman strategy..",
890414742,2016-05-09 02:30,,0.0,0.0,"brexit,europe,risk scraping,scare stories,dave,brexit-could-put-peace-in-europe-at-risk-pm …",
124463742,2016-05-09 02:22,,-0.1,0.55,"tories,brexit,ory-tv-war-george-osborne-7924068=sharebar_twitter …",#ICID
27968630,2016-05-09 02:14,,0.21666666666666667,0.5833333333333334,"europeans,own votes,eu,uk",#brexit
4363198276,2016-05-09 02:12,,0.0,0.06666666666666667,"brexit,wold gov tyranny,ruler elite",
3108263999,2016-05-09 02:01,,0.0,0.0,"eu,europeans,britain,brexit,european citizens,uk,unce ...",
3092918292,2016-05-09 01:48,,0.03125,0.78125,"brexit,house prices warns,osb,... estateagenttoday.co",
180734226,2016-05-09 01:47,"Yarm, England",0.25,0.3333333333333333,"pestilence,locusts famine,just wait 'till,males ... …",#Brexit
21866939,2016-05-09 01:37,,0.0,0.0,"armada,southampton",#desperatedave #brexit #leaveeu
3218868310,2016-05-09 01:22,,0.0,0.0,"brexit,european war commence",
66367082,2016-05-09 01:10,,0.0,0.0,"brexit,europe,risk,plot,brexit-could-put-peace-in-europe-at-risk-pm … pic.twitter",
359899396,2016-05-09 01:03,,0.0,0.0,"% des,italiens,% des,français,l'ue si un référendum était organisé …",#Brexit
238337450,2016-05-09 00:46,,0.0,0.0,"brexit,vote threatens school building loans",
1356382759,2016-05-09 00:22,,0.0,0.0,"et,grande bretagne,qui resterai dans l'uesans y êtreempêcherai,hypothétique guerre mondiale",#Brexit
289148078,2016-05-08 23:38,,0.0,0.0,"brexit,europe,risk,pm",
2249330958,2016-05-08 23:02,,0.0,0.0,"brexit,jeopardise peace,europe cameron",
979401271,2016-05-08 22:51,,0.0,0.0,"fought wwii,germany",#Brexit
3956742861,2016-05-08 21:55,,0.11249999999999999,0.7125,too,#Capitalism #Thoughtprovoking #yanisvaroufakis #EU #brexit
548757187,2016-05-08 21:41,,0.0,0.0,britain,#DavidCameron #Brexit
138121596,2016-05-08 21:30,,0.0,0.0,"brexit,endanger peace,pm,europe,david cameron",
23074277,2016-05-08 21:00,,0.0,0.0,"euro,direction,data momentum improves brexit concerns ebb",
579883082,2016-05-08 20:37,,0.0,0.0,"cameron,brexit,europe",
84448214,2016-05-08 20:02,,-0.16666666666666666,0.16666666666666666,"... [ ] ...,ipsos,eu",#EUref #brexit #StrongerIn
368944720,2016-05-08 19:40,,0.7,0.6000000000000001,"tories,trump,brexit,toronto",#weepforhumanity
253941749,2016-05-08 19:26,,0.125,0.375,"past shows,uk,continental affairs",#brexit #in
2223592112,2016-05-08 19:21,,0.9765625,0.5,"usa,eu,brexit",
379851447,2016-05-08 19:12,,0.0,0.0,"prevent,westminster",#Obama #Referendum #brexit
2764911077,2016-05-08 19:01,,-0.8,0.8,"they do n't know what they are doing,brexit n then the idiots ruling eu might start listening to our ideas,brexit",
301296441,2016-05-08 18:59,,0.0,1.0,"cameron,genocide",#brexit
488546287,2016-05-08 18:46,,0.0,0.0,"downing,spy chiefs,brexit",
612473,2016-05-08 18:33,,0.3333333333333333,0.46666666666666673,"eu,free movement,pm,brexit",
3216548241,2016-05-08 18:22,,0.0,0.0,"knobhead,pm,brexit,dominates papers,prime,da",#langley #cheapside
145796414,2016-05-08 18:15,,-0.5,1.0,scary prospect,#Brexit #VoteRemain
1459683901,2016-05-08 18:07,,0.0,0.0,"u wouldnt,defence",#Brexit #gotellittothemarines
85535913,2016-05-08 17:59,"East Midlands, England",0.0,0.0,"brexit,ww3,cameron,oh,vile liar,what-is-democrophobia-a-nasty-issue-for-remain",
328484372,2016-05-08 17:45,,1.0,0.75,"great country,nigel farage,brexit",#Only
243393079,2016-05-08 17:39,,0.0,0.06666666666666667,"cameron,warns “,brexit,= war”,europe,people’s wishes",
user_id,time,geo,polarity,subjectivity,wordnouns,hashtags
861431089,2016-05-09 19:50,,0.0,0.0,"movie,ks",#Brexit
3400228798,2016-05-09 19:29,,0.0,0.0,"flexcit the movie,definitive eu exit,part,2_aj8 …",#Brexit #VoteLeave
861431089,2016-05-09 19:50,,0.0,0.0,"movie,ks",#Brexit
3400228798,2016-05-09 19:29,,0.0,0.0,"flexcit the movie,definitive eu exit,part,2_aj8 …",#Brexit #VoteLeave
3294998095,2016-05-08 17:30,,0.0,0.0,"eu,habeous corpus,eu",#Brexit
1528101612,2016-05-08 17:20,,-0.07142857142857142,0.21428571428571427,"gove,eu,trade bloc post,brexit",#news
2838333676,2016-05-08 17:15,,-0.075,0.4000000000000001,"mad bitch,scottish independence,eu",#Brexit
16343974,2016-05-08 17:11,,0.0,0.0,civil war,#Brexit
246734367,2016-05-08 17:03,,0.0,1.0,"uk,dave",#brexit
531351424,2016-05-08 16:38,,-0.3125,0.1,"bollox,uk",#BREXIT
3065329706,2016-05-08 16:22,,0.0,0.0,"vi,får verkligen hoppas på det,wallström,brexit,riskerar hela,eu-samarbetet,it-riskerar-hela-eu- …",
370782975,2016-05-08 16:09,,0.0,1.0,,#Brexit #VoteLeave #OurFuture
977953022,2016-05-08 15:53,,0.0,0.0,twitter,#Brexit #ukmfg
2303495888,2016-05-08 15:44,,-0.05555555555555556,0.4444444444444445,eussr,#Brexit #Totalitarian
2595176995,2016-05-08 15:21,,0.0,0.0,"hell,liberty,equality,brexiteers",#Brexit
3094511231,2016-05-08 15:01,,0.0,0.0,"donald trump,brexit,pen,brexit,nigel farage,george galloway,brexit,putin,n. korea,brexit",
1125937411,2016-05-08 14:43,,0.36363636363636365,0.5227272727272727,"positive reasons,brexit,uk,tax income pic.twitter",
15108530,2016-05-08 14:36,,0.0,0.0,"brexit,uk,eu,moscovici",
249240812,2016-05-08 14:22,,0.10000000000000002,0.3833333333333333,"clearly,vote …",#Brexit #Remain #StrongerIn
21417687,2016-05-08 14:07,,0.2,0.5,"brexit,important security gains argues,mi6 richard dearlove,t-would-not-damage-uk-security …",
134544199,2016-05-08 13:47,,0.09583333333333333,0.5958333333333333,"george osborne,news warning,brexit,house prices",
60606206,2016-05-08 13:36,,0.31111111111111117,0.45555555555555555,"boris,gove,brexit",
20973388,2016-05-08 13:32,,0.45,0.45,"muddy water,osborne,brexit,catastrophic,eu",
3099794758,2016-05-08 13:19,,0.1,0.3,"hahahahaha,white folk,brexit,fuckwit …",
121171958,2016-05-08 13:05,,-0.125,0.375,"brexit,europe",
3372016275,2016-05-08 12:53,,0.0,0.0,"godfrey bloom,backs membership,… pic.twitter",#brexit
4866237363,2016-05-08 12:42,,0.8,0.7,lol,#Brexit
700721937215979520,2016-05-08 12:26,,0.0,0.0,"eu,'s interests,binary logic ...",#Brexit
4883631935,2016-05-08 12:17,,0.0,0.0,leave.eu,#BREXIT #GO
18732388,2016-05-08 11:57,,0.11666666666666668,0.48333333333333334,"business person,silicon,brexit,uk",
239878267,2016-05-08 11:43,,0.0,0.0,"says,brexit",
2779420101,2016-05-08 11:41,,0.0,0.0,brexit,
56326552,2016-05-08 11:26,,0.35,0.3,"hindustantimes,top,brexit,trump,uk,eu,| world |,hindustan",
3208482538,2016-05-08 11:07,,0.0,0.0,"downing,spy chiefs,david cameron",#Brexit #KingofSpin
306233293,2016-05-08 11:00,,0.0,0.0,"shout99,brexit,contractors …",#Brexit
379851447,2016-05-08 10:33,,0.0,0.0,post-democratic,#EU #brexit #referendum #voteleave
283052856,2016-05-08 10:14,,0.0,1.0,"brexit,likely businessinsider,utm_medium=twitter …",
3436521372,2016-05-08 10:06,,-0.1,0.2,"council elections,brexit",
297286429,2016-05-08 09:54,,0.0,0.0,"germany,uk,will,vote …",#brexit
233589731,2016-05-08 09:44,,0.0,0.0,"exclusive,ireland,brexit time bomb,ukip",
45840503,2016-05-08 09:27,,0.25,0.5,"top life science bosses,brexit,open letter cityam,utm_medium=twitter … pic.twitter",
1048669088,2016-05-08 09:13,,0.5,0.5,"eu,countries need,uk",#intelligence #terrorism #Brexit #BBCNews
590232437,2016-05-08 09:02,,0.0,0.0,"i cry ... .billions,agenda,planet ...,brexit now",
7309052,2016-05-08 08:51,,0.0,0.0,"britain’s,brexit",
3063598804,2016-05-08 08:43,,0.375,0.875,"brexit,prices,significantly says george osborne",#Shropshire #News
3377090235,2016-05-08 08:30,,0.0,0.0,"brexit,student survey pic.twitter",
26985345,2016-05-08 08:23,,0.9099999999999999,0.7800000000000001,"michael howard,good job,sawers brexit,terror scare",#twtw
576530903,2016-05-08 08:12,,0.15,0.175,"movie,clearer exposition,recent media coverage",#Brexit #EU
1245496057,2016-05-08 07:59,,-0.3125,0.6875,"rt marketingweeked,brexit,… pic.twitter.",
704248467204542464,2016-05-08 07:50,,0.0,0.0,"six,ministers dash,brexit,cameron,announces referendum,june",
2539258598,2016-05-08 07:42,,0.041666666666666664,0.6,,#Brexit
3121730875,2016-05-08 07:32,,0.0,0.0,,
71307720,2016-05-08 07:23,,0.25,0.5,... city,
121682110,2016-05-08 07:10,,5.551115123125783e-17,0.9,"sir john sawers,huge asset,gchq,stop",#EU #UK #brexit
869830195,2016-05-08 06:56,,0.0,0.0,"'britse huiseigenaren worden geraakt door,brexit",#Economie #ZZP #Ondernemer
3096702665,2016-05-08 06:47,,0.0,0.0,"‘ us,eu,interests’ pic.twitter",#Brexit #India #UK
386542585,2016-05-08 06:38,,0.0,0.0,"exclusive,brussels,euro,eu",
2318119938,2016-05-08 06:25,,0.35,0.35,"economic slowdown,cameron’s",#Brexit
176075043,2016-05-08 06:10,,0.1875,0.4375,"uk,significant hit,brexit,osborne,london may,reuters,minister ...",
701058516551860225,2016-05-08 06:05,,0.0,0.0,"trying,... ... .. pic.twitter",#StrongerIn #EU #Brexit #VoteLeave #fact
547619839,2016-05-08 05:47,,-0.6499999999999999,1.0,sad case country-wide,#Brexit
705601395282546690,2016-05-08 05:42,,0.125,0.41666666666666663,leaveeuofficial,#Brexit
3362016513,2016-05-08 05:30,,0.125,0.41666666666666663,george,#Brexit #Peston
385335334,2016-05-08 05:18,,0.2,0.3,"dave,perish",#remainian #BREXIT
3353679059,2016-05-08 05:06,,0.31212121212121213,0.5959595959595959,"brave,coin",#brexit #FinTech
11486062,2016-05-08 05:00,,0.10000000000000002,0.3833333333333333,queen 's,#gove #Brexit #Marr
379851447,2016-05-08 04:54,,0.5,0.5,"eu,nhs,vote brexit,lose,health service warns,top doc",#EU #brexit #referendum
1860699690,2016-05-08 04:47,,0.0,0.0,"ho,econometric evidence,mr gove",#Brexit #marrshow
103065157,2016-05-08 04:35,,0.11111111111111112,0.2638888888888889,italy,
150417842,2016-05-08 04:24,,0.375,0.625,"everyone,ex-m16 chief,sawyer,'s interview,overwhelming,security arguments",#Brexit #Marrshow
2494331432,2016-05-08 04:18,,0.2,0.2,"impartiality thetimes.co,essure-leads-paxman-to-bin-article-criticising-eu-5f2nmxd8s …",#BBC #bbcnews #StrongerIn #Remain #Brexit #EUreferendum #BBCSP #BBCDP
1240108044,2016-05-08 04:04,,0.43333333333333335,0.8333333333333334,"eu,lung cancer",#projectfear #Brexit
329746339,2016-05-08 03:59,,0.0,0.0,"brussels,brexit,clip sales",
217891024,2016-05-08 03:46,,0.0,0.0,"brexit,may,george weston ceo assoc brit",
720098948736790528,2016-05-08 03:30,,0.4,0.575,"remember,france,good old days,proud place,euro",#UK #EU #brexit #VoteLeave
189116097,2016-05-08 03:19,,0.0,0.0,,#Brexit
4497810863,2016-05-08 02:54,,-0.19999999999999998,0.26666666666666666,"net contribution,british public",#Brexit #EU
1179710990,2016-05-08 02:28,,0.0,0.0,"video,british expats,brexit,media content | | 05.05.2016 occuworld",
85386747,2016-05-08 01:49,,0.075,0.37499999999999994,"thousands af,normal,value their relatives,muslim",#Rapeyfugees #BREXIT
723788552090312704,2016-05-08 01:22,,0.0,0.0,"pay,backwards …",#Brexit #StrongerIn #LeaveEU
329746339,2016-05-08 00:59,,-0.2916666666666667,0.5416666666666666,"owner says brussels,brexit,hard,fortune",
403714562,2016-05-07 22:59,,0.0,0.0,"oud-leiders britse,brexit,en brusseljuncker,cs zijn niet gevaarlijk,kom",
144574654,2016-05-07 22:17,,0.0,0.0,"py-chiefs-say-quitting-eu-is-security-risk-fgzgpgkgk …,suggesting,quality intel,eu,n't it..",#Brexit
2523330674,2016-05-07 20:28,,0.0,0.35714285714285715,"simply,eu",#Brexit
728690811945226242,2016-05-07 19:44,,0.0,0.0,twitter account,#WhiteGenocide #BRexit #NExit
31697068,2016-05-07 19:15,,0.0,0.0,eu,#hugabrit #love #brexit
937417056,2016-05-07 19:02,,0.0,0.0,"eu,disintegrate policy-network,id=5092,title=brexit-would-force-the-rest-of-europe-to-either-close-ranks-or-disintegrate …",#Brexit
381406456,2016-05-07 18:31,,-0.7,0.2,"khan,pm,brexit,'s papers,sadiq khan,david cameron",#News
16603840,2016-05-07 18:14,,0.875,0.6000000000000001,"kudos,brits,good citizens",#Frexit #Grexit #Brexit
1957125536,2016-05-07 17:48,,0.0,0.0,"yeah,brexit",
144228994,2016-05-07 17:22,,-0.125,0.375,"eu,italy",#Brexit
51147107,2016-05-07 16:58,,-0.125,0.4444444444444444,"eu,ewni",#Brexit #scexit
43554444,2016-05-07 16:42,,0.0,0.5,"never,brexit,risks –,eu,danger |",
2149265063,2016-05-07 16:15,,0.0,0.0,"ca n't,brexit,hasten reduction",
256344558,2016-05-07 15:50,,0.0,0.0,"british citizens,pending status ... /brexit-will-leave-british-citizens-living-in-eu-with-pending-status…",#Brexit #EU
718023092723957760,2016-05-07 15:28,,0.0,0.0,"well unless,brexit,msm,in",
2966287858,2016-05-07 15:08,,0.0,0.0,"helpful facts,underpin,brexit",
107411379,2016-05-07 14:58,,0.5,0.55,brexit,
16198487,2016-05-07 14:29,,0.037500000000000006,0.2875,"eu,too,u.k.",#Brexit
250057361,2016-05-07 13:47,,0.3194444444444444,0.6277777777777778,establishment plot,#Brexit
2245115771,2016-05-07 13:36,,0.0,0.0,"non ci sarei mai arrivato ... si parla di,brexit,e spunta sindaco islamico,gettare nel caos sociale,londra",
55403428,2016-05-07 13:11,,0.5,0.5,,#Brexit
51465605,2016-05-07 13:00,,0.1,0.1,"pro-,group accuses peers",#Research #Brexit
3090493401,2016-05-07 12:34,,0.25,1.0,"property market problems ca n't,brexit,vote ...,ft. f0-07d9-11e6-b6d3-746f8e9cdd33.html …",
61061949,2016-05-07 11:58,"Hackney, London",0.0,0.0,"remind y'all,june",#VoteRemain #imwitheu #Remain #Brexit
707727883,2016-05-07 11:44,,0.65,0.7,"intelligent discourse,brexit,vat,sanitary products",
2447970944,2016-05-07 11:14,,0.4068181818181818,0.5613636363636363,"gove,rh liam fox,nigel farage,positive factual voices,brexit",
328484372,2016-05-07 10:49,,0.0,0.0,~ ~ …,#Brexit #GO #LeaveEU
4889908768,2016-05-07 10:33,,0.0,0.0,"ils,sont foutus,brexit,notre propre salut",
419093586,2016-05-07 10:16,,-0.3125,0.6875,"prof. sir tom blundell,uk,science itv,… …",#Brexit
28954941,2016-05-07 09:43,,-0.625,0.75,"brexit,eu,uk,lame ducks,brexit,ukip",
379851447,2016-05-07 09:28,,0.0,0.0,your,#EU #brexit #referendum #voteleave
18357821,2016-05-07 09:17,,0.0,0.0,"c'est,fin ça se mange sans faim avec des morceaux,dedans pic.twitter",#LondonElects #Brexit #londres
229235675,2016-05-07 08:45,"Adelaide, South Australia",-0.21666666666666667,0.55,"uk,probs contingent,joe,jake,subtle lyrics",#brexit #Eurovision
2952008266,2016-05-07 08:41,"Portstewart, Northern Ireland",0.19166666666666665,0.6583333333333333,"fast air,day navy,portrush,linked,prepping brexit",#Portstewart #Portrush
725653652501860353,2016-05-07 08:16,,0.0,0.0,"brexit,campagne est lancée,la-campagne-est-lancee-15-04-2016-2032458_2626.php=rss-221 …",#xtor
983328241,2016-05-07 07:43,,0.0,0.0,ireland,#Brexit
user_id,time,geo,polarity,subjectivity,wordnouns,hashtags
729457382275874821,2016-05-09 19:40,,0.17499999999999996,0.3958333333333333,"johnson,eu,boris,speech_one_basic_error_every_80_seconds …",#StrongerIn #Brexit
335857410,2016-05-09 19:35,,0.1660894660894661,0.5007215007215007,"yeah,brexit,new trade deals,easy,ca",
481011796,2016-05-09 19:20,,0.0,0.0,"uk,economy falters,brexit,uncertainty leaves employers,limbo mirror.co,k-economy-falters-brexit-uncertainty-7933868 …",
402370560,2016-05-09 19:12,,0.33,0.52,"murdoch,ian botham,stephen hawking",#Brexit #Remain
51781061,2016-05-09 19:05,,0.0,0.0,"eu,boris johnson,david cameron’s,claims euronews,referendum-boris-johnson-criticises-david-cameron-s-brexit-claims… pic.twitter",#Brexit
19925839,2016-05-09 18:58,,0.0,0.0,"dc,'s comments,brexit",
4891684942,2016-05-09 18:30,,0.2,0.45,"monetary,david lipton,brexit,article- …",#039 #borrowmoney
1928492846,2016-05-09 18:19,,0.0,0.0,"doe ones,brexit",
21111483,2016-05-09 18:14,,-0.15714285714285714,0.7178571428571429,"varoufakis,chain reaction,dangerous times",#Brexit
86206767,2016-05-09 18:01,"Madrid, Spain",0.5,0.55,"brits,spain,britain,eu",#Brexit
252172352,2016-05-09 17:52,,0.1375,0.6375,globalist,#Cameron #Brexit
24709152,2016-05-09 17:45,,0.1625,0.4208333333333333,"trump,brexit,ireland",
555370896,2016-05-09 17:43,"Southampton, England",0.0,0.5,"swedish,household goods retailer,ikea,bhs,stores reports,brexit",
379851447,2016-05-09 17:33,,0.0,0.0,lifeboats,#EU #brexit #referendum #voteleave
3003050104,2016-05-09 17:27,,0.0,0.0,"british economy,knife edge,brexit,vote looms | pic.twitter",#property
379851447,2016-05-09 17:17,,0.0,0.0,"eu,uk,law facebook",#EU #brexit #referendum #voteleave
405382367,2016-05-09 17:12,,0.0,0.0,"boris johnson,unfunny man",#BorisJohnson #brexit
1684161800,2016-05-09 17:07,,0.0,0.0,"un,fondo especializado,turbulencias lo ve claro,olvide el,brexit,y mire,españa",
193377795,2016-05-09 16:55,,0.5,0.5,"ca,ww3,'s disaster film scenario",#Brexit
773798108,2016-05-09 16:47,,0.0,0.0,"eu,day’ fifth,consecutive poll,britain,brexit",
379851447,2016-05-09 16:39,,0.0,0.0,"case,brexit part,economy,trade youtube,sk2c8 …",#EU #brexit #referendum #voteleave
715276901552668672,2016-05-09 16:24,,-0.10370370370370373,0.23425925925925928,"bring,eu,bring,monarchy,bring,land value,income,relax",#brexit
720723175840079872,2016-05-09 16:16,,0.0,0.5,ca n't,#Brexit #Norwayoption
266505722,2016-05-09 16:10,,0.0,0.0,england,#Brexit #VoteLeave #EUref #LeaveEU
291352958,2016-05-09 16:02,,0.0,0.0,"wetherspoon boss gives,brexit,wetherspoon-boss-gives-200k-to-back-brexit …",
1054777812,2016-05-09 15:46,"Ightham, South East",0.0,0.5,"shame,europe,not",#DavidCameron #Brexit #LeaveEU
233156917,2016-05-09 15:44,,0.0,0.0,"brexit,| letters",
1026856945,2016-05-09 15:27,,-0.4,0.8500000000000001,"gbpusd,bit,obama,'s visit,margin,thin …",#Brexit
379851447,2016-05-09 15:27,,-0.2625,0.3875,"blair cameron,pms,eu,rd4ns …",#EU #brexit #referendum #voteleave
719637459794051073,2016-05-09 15:18,,0.0,0.0,eu,#Brexit #VoteLeave
128042374,2016-05-09 15:06,,0.35,0.55,"cameron,'s 'project,fear,goes,m.a.d,vote,brexit,… pic.twitter",
3233638936,2016-05-09 15:00,,0.21666666666666667,0.5833333333333334,"brexit contagion,half,europeans,eu",
721717601815175168,2016-05-09 14:55,,0.0,0.0,,#Brexit #matteorisponde #lavoltabuona #italiariparte #italiachedicesi #jobsact #Etruria #JobsActflop #direzionePD
718469005447716864,2016-05-09 14:47,,0.05,0.2,"global wildlife trade post,wild pic.twitter",#brexit #crowdforum #infor
277575748,2016-05-09 14:44,,0.21666666666666667,0.5833333333333334,"eu,own ‘,brexit,’ referendum,eu,scheme which… ce- …",
379851447,2016-05-09 14:36,,0.0,0.0,"ww2 codebreaker harry beckhough,nazi roots,eu,59ju0 …",#EU #brexit #referendum #voteleave
3103261,2016-05-09 14:24,,0.0,0.0,"cameron,brexit,kan leiden tot nieuwe oorlog volkskrant,eron-zinspeelt-brexit-kan-leiden-tot-nieuwe-oorlog~a4297368… pic.twitter",
4229042058,2016-05-09 14:20,,0.0,0.0,brexit prayer,
243985729,2016-05-09 14:14,,0.0,0.0,,#Brexit
320817072,2016-05-09 14:07,,1.0,1.0,"brexit,telegraph qtvbanauw",
3013767796,2016-05-09 13:59,,0.0,0.0,"eu,front groups spin journalists,dis-info networks seriously…,brexit",
3023223845,2016-05-09 13:54,,0.0,0.0,"cameron,warnt vor,kriegsgefahr,brexit,die verzweiflung,muss groß sein dass,cameron,unsinn",
1883742216,2016-05-09 13:48,,0.2,0.2,"eminent,economic argument,the_iod",#Brexit
1225696320,2016-05-09 13:38,,0.0,1.0,uk,#Brexit #LeaveEU
246887693,2016-05-09 13:32,,-0.07777777777777779,0.14444444444444446,"albania,rural poverty,will",#LeaveEU #Brexit
92739042,2016-05-09 13:26,,0.05,0.35,"home guard,oh,debate sensible",#EU #Brexit
2288132035,2016-05-09 13:16,,-0.325,0.13,cameron,#brexit
995549803,2016-05-09 13:07,,0.06818181818181818,0.22727272727272727,"new feature-length documentary film shows,brexit",
616283414,2016-05-09 13:03,"Maidstone, South East",0.0,0.0,,#Brexit #Britin #hyperbole
777687276,2016-05-09 12:54,,0.21666666666666667,0.5833333333333334,"brexit contagion,half,europeans,eu",
1911832471,2016-05-09 12:50,,0.0,0.0,,#BluehandGB #Bluehand #Brexit
720917597240352769,2016-05-09 12:42,,0.0,0.0,"wo n't,eu",#Brexit #LeaveEU #EUreferendum #EUref
16486330,2016-05-09 12:38,,0.0,0.0,"t9h3k …,impartial comment,us observer,uk,trade trade prospects post- pic.twitter",#brexit
10257602,2016-05-09 12:32,Greece,0.0,0.1,"following,archduke franz ferdinand,balkan",#Brexit
22542877,2016-05-09 12:30,,0.7,0.9,,#Brexit #DodgyDave
48694251,2016-05-09 12:19,,0.9099999999999999,0.7800000000000001,good summary,#Brexit
20251654,2016-05-09 12:15,,0.09999999999999998,0.75,"eu,britain,john hulsman",#Brexit #EuropeDay
334624369,2016-05-09 12:07,,0.0,0.0,"veterans,brexit",
407252380,2016-05-09 12:00,,0.0,0.25,"exclusive,london,sadiq khan,extremism brexit,donald trump,ti…,… pic.twitter",
51088856,2016-05-09 11:56,,0.0,0.0,"brexit,uk",
3119849124,2016-05-09 11:48,,0.0,0.0,"narutojlinsong,brexit,trigger world war,david cameron,mirror online",
270416438,2016-05-09 11:41,,0.3333333333333333,0.7296296296296295,"pm,renegotiation ],... ...",#Brexit #BBCNewsChannel
2376936985,2016-05-09 11:36,,0.0,0.0,"brexit,london,bdaily",
83554590,2016-05-09 11:32,,0.25,0.5,"loooooool,eu,referendum ...,hilarious",#brexit
1813434864,2016-05-09 11:22,,0.0,0.0,"breaking,western news,boris johnson,agrees w,putin,kremlin,putin,obama",#Brexit #Brexit
316535085,2016-05-09 11:19,,0.6,1.0,,#EU #brexit
244203410,2016-05-09 11:17,,-0.25,0.55,"guido,liz truss’,botch,liz truss,brexit,scotc",
38415042,2016-05-09 11:07,,0.15,0.6,"breaking,downing,street detects,martian,britain,brexit",
247289875,2016-05-09 11:00,,0.0,0.0,"brexit,scotch whisky exports,risk government minister warns",
16247847,2016-05-09 10:50,,0.0,0.0,"downing,spy chiefs,brexit",
777687276,2016-05-09 10:48,,0.0,0.0,"eu,referendum poll tracker,britain,brexit,u-referendum-poll-tracker-britain-7699714=sharebar_twitter …",#ICID
379851447,2016-05-09 10:39,,0.5,0.5,brexit,#EU #brexit #referendum #voteleave
312641027,2016-05-09 10:34,,0.39375,0.95,"naughty children,own minds",#Brexit
83065623,2016-05-09 10:23,,0.225,0.25,"generational obstacles,europeans,eu,prosperity project",#Brexit
3304758687,2016-05-09 10:21,,0.16666666666666666,0.8333333333333334,"key ally,possible collateral damage",#brexit
3194385964,2016-05-09 10:12,,-0.6999999999999998,0.6666666666666666,"george osborne,brexit,property prices,britain—,bad news,insider",
210928522,2016-05-09 10:07,,-0.2,0.6,"david cameron,rejects charge,brexit,war risk",
1016733578,2016-05-09 10:01,,0.0,0.25,"exclusive,london,sadiq khan,extremism brexit,donald trump",
1154740958,2016-05-09 09:56,,0.2,0.30000000000000004,"brexit,sterling,phoney,real",
1175262403,2016-05-09 09:50,,0.13636363636363635,0.45454545454545453,"retweeted chatham,new research,sovereignty argument",#Brexit
349621649,2016-05-09 09:45,,0.4681818181818182,0.75,"twitter,uk,have",#EuropeDay #Brexit
24238467,2016-05-09 09:39,,0.0,0.0,"dear,eu,eu",#Brexit
328484372,2016-05-09 09:36,,0.0,0.0,~ ~ ~ …,#Brexit #GO #LeaveEU #EURef
1089134270,2016-05-09 09:30,"South East, England",-0.14583333333333331,0.2708333333333333,"party mps support brexit,glory hunters",
4309497734,2016-05-09 09:27,,0.0,1.0,"need,prepare,uncertainties caused,brexit,imf,politicians,volatilities ...",
2804722206,2016-05-09 09:18,,0.0,1.0,"eu,brexit panel ends,eu,national debates -erfurt",
46338409,2016-05-09 09:12,,0.17857142857142855,0.31785714285714284,"right ian,numbers,renegotiation deal,no deal",#BRexit
20045684,2016-05-09 09:04,,0.0,1.0,"utter,david cameron simon jenkins",#Brexit
17945610,2016-05-09 09:01,,0.0,0.0,left wing loon,#Brexit #UKIP
2969760609,2016-05-09 08:57,,-0.5,0.3,"boris johnson,cameron,eu",#Brexit
2519624851,2016-05-09 08:52,,0.31666666666666665,0.55,"full speech,f87tg …",#Brexit
19587580,2016-05-09 08:49,,0.25,0.75,"brexit,wo n't,eurovision",
2784280027,2016-05-09 08:41,,0.390625,0.5,,#UK #Brexit #DavidCameron
887095105,2016-05-09 08:35,,0.0,0.0,"ce,sont les lâches qui partent les premiers pic.twitter",#Brexit #Europhobes #9Mai
914281548,2016-05-09 08:32,,0.2857142857142857,0.5357142857142857,"ben,brexit,reckless choice,uk,eu,putin,'s ears …",
1239688873,2016-05-09 08:27,,0.0,0.0,"juncker says brexit,have,consequences’",#BREXIT #BREXIT
1395590826,2016-05-09 08:19,,0.0,0.1,vote,#TTIP #EU #business #capitalism #exit #EUreferendum #Brexit #EUref
323179081,2016-05-09 08:14,,-0.4999999999999999,0.5833333333333333,"cameron,'s speech,throughout,market,eu,efta,style trade area,bad idea,eu,efta",#Brexit
229538299,2016-05-09 08:10,,0.0,0.0,risks pic.twitter,#FinancialServices #Brexit
40659175,2016-05-09 08:05,,-0.022222222222222216,0.15555555555555556,"cameron,'s warning abt war post-,brexit,natural ground,pm",
user_id,time,geo,polarity,subjectivity,wordnouns,hashtags
328577933,2016-05-07 02:58,,0.0,0.0,"– economics,trump politics e-speaks-in-the-telegraph…",#Brexit #StrongerIn
187579804,2016-05-07 02:18,,0.1,0.49166666666666664,"brexit,clearly,eu,v=j0pwxltvt2w … xit-1-01-clearly-and-concisely-why-we-should-leave-the-eu …",
19227069,2016-05-07 02:06,,0.0,0.0,"ignorant,fighting,globalist elitists,media bias,brexit,trump",
435922349,2016-05-07 01:11,,0.0,0.0,"showdown,leaked letter imf tells germany,debt relief,greece,imf drops",#Brexit #EUref
258636008,2016-05-06 23:43,"Mount Laurel, NJ",0.35000000000000003,0.95,"oh,bigots + supporters,minute video",#Brexit
290977105,2016-05-06 21:28,,0.6,1.0,"brexit,trump farage,boris johnson",
33788397,2016-05-06 21:09,,0.0,0.0,"brexit,europe,eu,-europeans-should-back-brexit-to-save-europe-from-the-eu …",
2840378924,2016-05-06 20:19,,0.0,0.0,"eu,brexit",#MostRead
439963088,2016-05-06 19:17,,0.3333333333333333,0.6666666666666666,"brexit possibility,complicate inflation projections",
716378272725078016,2016-05-06 19:01,,-0.4000000000000001,0.6,"false,million taxpayer funded gov leaflet uncovered",#eureferendum #euref #brexit #Remain
2870654423,2016-05-06 18:27,,0.0,0.1125,"brexit,eu,big recession",
1137486012,2016-05-06 17:47,,0.0,0.0,"en,brexit escòcia,ue,indy,si catalunya,indy,és l´expulsió",#oletu
1125937411,2016-05-06 17:35,,0.0,0.0,"uk,eu",#Brexit #UKIP
102979557,2016-05-06 17:08,,-0.8,0.8,,#Brexit #MakeAmericaGreatAgain #TrumpTrain
36032128,2016-05-06 16:40,,-0.35,0.6000000000000001,"good sign,measuring,… peralpha.financial.thomsonreuters,n-charts-measuring-brexit-effects-in-sterling-markets-fathom-strrim/ # .vy0awoz55c8.twitter …",#Brexit #sterling #UK #GBP #Euro #currency #economy #
130641636,2016-05-06 16:22,,0.4,0.7,"londoners,brexit,congrats",#LondonMayor
919618471,2016-05-06 15:45,,-0.05,0.3,"empty,ryanair,eu,big business,uk",#Brexit
102818182,2016-05-06 15:34,,0.0,0.5,"poll,britain,prime,years time,pls rt",#Brexit
19564374,2016-05-06 15:17,,0.35,0.55,"brexit,pleasetell mewhat,ope-36224839 …",
12912542,2016-05-06 14:45,,0.0,0.0,"uk,eu.. stop,rot",#Brexit
90417033,2016-05-06 14:30,"Hackney, London",0.41666666666666663,0.5,,#Brexit
7206152,2016-05-06 14:25,,0.0,0.0,"además pro-eu y contra el,brexit",
1547803513,2016-05-06 14:05,,0.0,0.0,"choose,brexit song,... .lol",
231519114,2016-05-06 13:50,,-0.08806818181818182,0.59375,"brexit,live music industry",#votein #notobrexit #eureferendum
134257496,2016-05-06 13:42,,0.0,0.0,"brexit,left,capitalists businessinsider,he-left-arguing-fiercely-in-favour-of-a-club-for-capitalists-2016-4 …",#NO #HAIRCUTS #IRELAND
232154444,2016-05-06 13:29,,-0.225,0.4,"eu,small firm bosses,britons,brexit",
538078599,2016-05-06 13:24,,0.25,0.7,"absolutely,golden goose,snp",#Brexit
3064349069,2016-05-06 13:08,,0.0,0.0,property here-disgusting-needs,#Mortgages #Brexit #Indian #Chinese
714777010665562113,2016-05-06 12:47,,0.0,0.0,,#Europe #EUTransparency #EUreferendum #EUref #WakeUpEurope #Voteleave #Brexit
35848450,2016-05-06 12:40,,0.0,0.0,"brexit,eurocodes david nethercot",
1668992125,2016-05-06 12:34,,-0.15,0.25,"politicians have to develop,common european sense,instead of listening to national opinion says eu president",#Brexit
267351224,2016-05-06 12:19,,0.0,0.0,"sadiq khan,londres,les indépendantistes,ecosse,victoire des anti-,brexit,dres-les-independantistes-ecosse-victoire-anti-brexit-100242710.html …",
user_id,time,geo,polarity,subjectivity,wordnouns,hashtags
252606733,2016-05-06 11:55,,0.0,0.05,"topical,uk’s",#Brexit #technology
2530909296,2016-05-06 11:50,,0.25,0.3125,"eu,uk,work visa,brexit,vote,kids future",#Sense
19440918,2016-05-06 11:27,,-0.625,0.75,"brexit,eu,uk,lame ducks,brexit,ukip",
705425662304247808,2016-05-06 11:13,,0.25,0.3333333333333333,"uk elections,london,muslim,britain,fallen",#Brexit #VoteLeave #BuildtheWall
59417516,2016-05-06 11:12,,0.0,0.0,"tory mp glyn davies,brexit,montgomeryshire tory mp glyn davies,uk,t ...",
3131144855,2016-05-06 10:46,,0.43333333333333335,0.3,"brexit,introduce,commonwealth,commonwealth",
25551176,2016-05-06 10:31,,0.0,0.0,"tory,eu,ttip,nhs",#VoteLeave #brexit
270416438,2016-05-06 10:16,,0.0,0.5,"n't talk nonsense,london,always,world centre",#Brexit
346744395,2016-05-06 10:11,,0.0,0.125,londonstan,#brexit
2147681047,2016-05-06 09:56,,0.0,0.0,"page,britannique dans,quels enjeux,dans les",#DébatF24 #Cameron #Corbyn #UKelections #Brexit
379851447,2016-05-06 09:38,,-0.575,0.7,"warning,dark,evil is happening,sliding into,jk95w …",#UK #POLICE #STATE #EU #brexit
81687132,2016-05-06 09:22,,-0.21999999999999997,0.77,"obama,uk,eu brexit,high level supporter ...",
3234397549,2016-05-06 09:14,,0.0,0.0,,#bilderberg #Brexit #KalergiPlan
941156160,2016-05-06 08:59,,0.2,0.2,"prime,voters complains,eu,juncker",#brexit
54229135,2016-05-06 08:50,,0.5,0.5,"donald trump,brexit,uk,eu",
1070585917,2016-05-06 08:38,,0.1,0.25,"rsm,brexit,rau,mr owen patterson mp,sir james paice",
466146768,2016-05-06 08:31,"Bogotá, D.C., Colombia",0.7,0.6000000000000001,"good reason,remain",#Brexit
69549823,2016-05-06 08:12,,-0.012499999999999997,0.2625,"eu,foreign direct investment inflows",#Brexit #Bremain
29943446,2016-05-06 07:58,,0.4666666666666666,0.5666666666666668,"free liverpool q,brexit,eu,law experts 6pm,weds,arch,rt",
115767723,2016-05-06 07:52,,0.6,1.0,"pen,boris,obama,donald trump,nice,eu",#racist #Brexit
1606954561,2016-05-06 07:33,,0.25,0.25,"that`s,democracy,eu,safe journey,self destruction",#Brexit
717673237686169600,2016-05-06 07:29,,-0.08806818181818182,0.5710227272727273,"smes,uk,new post",#Brexit
718440070664085506,2016-05-06 07:20,,0.2,0.1,"wants,remain",#Brexit #referendometer
288269560,2016-05-06 07:09,,0.5,0.75,"obama,remain,trump,backs …",#Brexit
573629823,2016-05-06 07:06,,-0.06666666666666668,0.5333333333333333,"feud,violent brawl,barclays,ipswich,cultural enrichment,een_families_started_violent_brawl_at_barclays_bank_in_ipswich_town_centre_1_4517984 …",#Brexit
16343974,2016-05-06 06:47,,0.0,0.0,"britain,constituent partsworth",#Brexit #EURef #VoteLeave
85350459,2016-05-06 06:41,,0.0,0.0,,#Brexit
300833567,2016-05-06 06:25,,0.0,0.0,"dancing,brexit,carney,uncertainty pic.twitter",
2862385281,2016-05-06 06:14,,0.1,0.13333333333333333,"dear,eu,public services",#Brexit
33851953,2016-05-06 06:09,,0.0,0.0,"brexit,europe,eu,-europeans-should-back-brexit-to-save-europe-from-the-eu …",
19869279,2016-05-06 05:59,,0.0,0.35,"political figures,different parties,brexit,garden party theboltonnews.co,political_figures_from_different_parties_to_launch_bolton__brexit__campaign_at_garden_party…",#Bolton
369786451,2016-05-06 05:45,,0.8,0.4,"nationalists win labour stumbles,brexit vote",
19227069,2016-05-06 05:37,,-0.5,0.9,"norway,switzerland,eu",#Brexit
17019081,2016-05-06 05:30,,0.0,0.0,"economists dash,brexit,‘could boost eurozone,gdp’",
14866059,2016-05-06 05:13,,0.0,0.0,"brexit,uk’s,fintech growth",
6705042,2016-05-06 05:07,,0.0,0.0,"brexit,racist pub windbags,contrary are_androidapp_tweet …",
455629582,2016-05-06 05:00,,0.0,0.0,"ttip,fierce debate,eu-us",#TTIP #Brexit #EUReferendum #jptrett
4476727527,2016-05-06 04:50,,0.125,0.325,"elections,snp,labour,suffers losses bbc,brexit,scotland,independence",
212158530,2016-05-06 04:40,,0.0,0.0,"will,uk,landfill directive,europe",#brexit
1125937411,2016-05-06 04:32,,0.5,0.5,"brexit,gigantic fall,eu,immigration-british workers,jobs analysis-brexit-effect-on-eu-workers-under-new-immigration-laws-2016-5 …",
2942029428,2016-05-06 04:27,,0.0,0.0,"donald,british politics backs ald-trump-brexit-uk-european-union… zippednews",#Trump #Brexit #ZippedNews
330038503,2016-05-06 04:14,,0.0,0.0,"donald trump,british politics backs,brexit,presumptive republican,presidential nom ...",#OdavelyMusic
4717936273,2016-05-06 04:10,,0.2,0.3625,"democratically,nation,uk",#VoteRemain #VoteLeave #Brexit #EU
21895544,2016-05-06 04:01,,0.05,0.5,"brexit,‘by far’,irish business",#EURef
4054643129,2016-05-06 03:53,,0.16,0.5399999999999999,"gilt,18-month high,brexit,ft. -12b3-11e6-91da-096d89bd2173authorised=false.html,_i_location=http % 3a % 2f % 2fwww.ft.com % 2fcms % 2fs %,% 2fc792c67c-12b3-11e6-91da-096d89bd2173.html % 3fsiteedition % 3duk,iab=barrier-app …",
3432981448,2016-05-06 03:50,,-0.390625,0.6875,means prices,#Brexit #housing
19583690,2016-05-06 03:39,,0.625,0.5,"muslim,london,sharia etc",#BREXIT #Refugees
395446240,2016-05-06 03:32,,0.08124999999999999,0.525,"morning,lancaster,exeter,full",#BREXIT
531656717,2016-05-06 03:23,,0.24791666666666665,0.6166666666666667,"major,britain strong,europe,donald trump,brexit,cs-eu-referendum-36219612 …",
315840279,2016-05-06 03:11,,0.0,0.0,... 1st,#POTUS #Brexit #VoteLeave
2600409140,2016-05-06 03:00,,0.5714285714285714,0.6404761904761905,"girl weep ...,congratulations nigel,great day,good things,brexit",
288913690,2016-05-06 02:54,,-0.3125,0.6875,"sir george iacobescu,construction costs,% debate",#Brexit #EURef
3138521631,2016-05-06 02:44,,0.13636363636363635,0.45454545454545453,"britain,faces migrant,chaos,new 'summer,thousands plot,storm border",#Brexit
300127770,2016-05-06 02:32,,0.0,0.0,"gove,bojo,cs-eu-referendum-36219612 …",#brexit #strongerin #eureform
201015826,2016-05-06 02:10,,-0.30000000000000004,0.2,"jeremy corbyn,abandon speech,eu,uk",#Brexit
3376113987,2016-05-06 02:08,,0.0,0.0,"brexit,bremain,either,prioritise europe",
20067997,2016-05-06 01:51,,0.0,0.0,"focus,spain,'s election,brian singer",#Brexit
253031486,2016-05-06 01:32,,0.2857142857142857,0.5357142857142857,"eu,donald trump,brexit,cs-eu-referendum-36219612 …",
2787649135,2016-05-06 01:22,,0.5,0.5,"obama,trump",#LeaveEU #Brexit
598319603,2016-05-06 01:13,,0.0,0.0,"brexit noose around,neck,nwo,youtube,sedbs,feature=em-uploademail …",
18891281,2016-05-06 00:30,"Camden Town, London",0.0,0.0,"extremist backs,brexit",
4779393923,2016-05-06 00:24,,0.26666666666666666,0.5333333333333333,"brexit,important political decision,eu",
334626794,2016-05-06 00:14,,0.25,0.25,"trump,brexit,uk,european union us ...",#TSCEnt
67879486,2016-05-05 23:33,,0.25,0.275,"uk,… pic.twitter",#Trump #EU #Brexit #EUref #Cameron #Juncker #Anglosphere
33170847,2016-05-05 22:39,,0.0,0.0,"donald trump,uk leaving,european union",#VoteLeave #Brexit
330491855,2016-05-05 22:00,,0.0,0.0,europe,#Washington #California #SouthDakota #NewMexico #Montana #NewJersey #Trump2016 #Brexit #TTP #TTIP
358639070,2016-05-05 21:24,,0.0,0.0,"pro- brexit,american indifference politico",
1949150594,2016-05-05 20:56,,0.0,0.1,"decisive,potus,comments ugh ugh ugh,brexit,potus,ft",#Brexit
331136295,2016-05-05 20:31,,0.36363636363636365,0.5227272727272727,"got,trump,positive impact,obama,'s pro-eu intervention",#Brexit #StrongerIn
24782816,2016-05-05 20:12,,0.03333333333333336,0.39999999999999997,"truly,european domination,eu",#Germany #brexit
19989052,2016-05-05 19:27,,0.0,0.0,,#Brexit
2583066531,2016-05-05 19:14,,0.4166666666666667,0.5833333333333334,"tony'warmonger,bliar barry'climate,dave'gay,defo,remainiacs",#Brexit
2154596422,2016-05-05 18:56,,0.0,0.0,"who,eu,membership vote,brexit",
275765160,2016-05-05 18:46,,0.0,0.0,"presumptive,donald j. trump,russia,ally,kill,agreements,brexit",
143769169,2016-05-05 18:36,,0.5,0.625,"tory,neoliberal agenda,boris",#Questiontime #Brexit
128821606,2016-05-05 18:25,,0.08333333333333333,0.48333333333333334,"lawson,'s passionate statement,thank god,nowt",#bbcqt
440214921,2016-05-05 18:21,,-0.2,0.0,lawson,#brexit
4717936273,2016-05-05 18:14,,0.0,0.0,chance trade boom thrive,#Brexit #Commonwealth
893237365,2016-05-05 18:08,,0.0,0.1,"brexit,proper word",#bbcqt
4916567105,2016-05-05 18:01,,0.0,0.0,"nigel lawson,french chateau-owners,brexit",#bbcqt
706035225726480384,2016-05-05 17:44,,-1.0,1.0,"insight,ultra secretive,ttip,reading room,eu,nmgz0 …",#democracy #EURef #brexit
70364552,2016-05-05 17:39,,0.0,0.0,"diego,dibattono di,brexit,o non,brexit,questo è il problema",#gazebo
379851447,2016-05-05 17:19,,0.0,0.0,"establishment,finds brexit will drastically slash",#EU #brexit #referendum #voteleave
501225519,2016-05-05 17:05,,0.17045454545454544,0.45454545454545453,"islamisation,new blog",#Trump2016 #TrumpTrain #Brexit
281633645,2016-05-05 16:54,,0.0,0.0,"uk,brexit,vote stokes fear,rock",
359850171,2016-05-05 16:24,,0.3333333333333333,0.41666666666666663,"brexit,rate decision,fed,n0xw1uj",
234095769,2016-05-05 16:10,,-0.06666666666666667,0.10000000000000002,"trouble,tourism",#Brexit
849274159,2016-05-05 15:56,,0.0,0.0,"là barzelletta di oggi,uk,brexit",
17497054,2016-05-05 15:26,,0.0,0.0,"fed,says brexit will impact interest rate decision",
4307548217,2016-05-05 15:21,,0.0,0.0,"murphy-o’connor,global pulse magazine,murphy-oconnor-weighs-in-on-brexit- …",#Brexit
252172352,2016-05-05 14:53,,-0.8333333333333333,1.0,"uk,exit polls,make rigging it impossible,retweet",#Brexit #EUreferendum
289511094,2016-05-05 14:48,,0.4,0.35,"lasts if’remain’wins,june",#Brexit
17576951,2016-05-05 14:31,,0.0,1.0,"ukip tory,labour,brexit,try",
3192197441,2016-05-05 14:20,,-0.0875,0.15,"otherwise,if,euro b4",#TakeControl #EUreferendum #Brexit
3918992189,2016-05-05 13:58,,0.0,0.0,"uk,iceland,eu",#Brexit #EEA
3117674405,2016-05-05 13:38,,0.15000000000000002,0.95,absolute death,#Brexit #EUref #VoteLeave
637036589,2016-05-05 13:34,,0.0,0.4,"john hendy,trade union law,individual rights ...",#Brexit
481011796,2016-05-05 13:18,,0.0,0.0,"japanese prime minister,shinzo abe,britain,brexit,apanese-prime-minister-shinzo-abe-7905645 …",
588350917,2016-05-05 13:00,,0.0,0.0,"qué,posición defienden los principales partidos británicos",#Brexit
311189812,2016-05-05 12:48,"London, England",0.6,0.8,doubt 's commitment,#Brexit
user_id,time,geo,polarity,subjectivity,wordnouns,hashtags
885356264,2016-05-06 11:56,,0.0,0.0,"bbc,eu,donald trump,brexit,cs-eu-referendum-36219612 …",
111341462,2016-05-06 11:53,,0.0,0.0,"cavalera,il,fallimento del fattore,corbyn,il voto sulla,brexit",
5715752,2016-05-06 11:35,,0.0,0.5,"definitely,was,briten,politikern,kommunalwahlen,zu verstehen gegeben",#Brexit
243223954,2016-05-06 11:21,,0.13636363636363635,0.45454545454545453,"stop press,brexit,theorist launches,new persuasive argument",#StrongerIn
17024991,2016-05-06 11:00,,0.0,0.0,brexit,
47451515,2016-05-06 10:46,,0.0,0.125,"translation,outcome,brexit",#iNews9K
146179396,2016-05-06 10:40,,0.09375,0.59375,"slim chances,liberal regime,christopher coughlan",#Brexit #dataprotection
1125937411,2016-05-06 10:27,,-0.8,0.95,london,#islam #brexit
70853866,2016-05-06 10:13,,-0.7999999999999999,1.0,,#brexit
54311364,2016-05-06 09:52,,0.0,0.0,obama,#UKReferendum #Brexit
3012235893,2016-05-06 09:43,,0.0,0.0,"qui,nouveau maire,c’est,l’un des sujets",#Londres #cdanslair #Brexit
22677215,2016-05-06 09:31,,0.0,0.0,brexit,
81633862,2016-05-06 09:12,"Haddenham, England",0.0,0.0,"wonder,camp condemn,thought",#BorisJohnson #Brexit #DonaldTrump #EUreferendum #Obama
465691315,2016-05-06 09:00,,0.16944444444444448,0.3972222222222222,"warning,japan,pm,uk,attractive prospect,foreign investors",#Brexit #EUReferendum
706872481072734209,2016-05-06 08:55,,0.0,0.0,"temido brexit,qué hará el mercado antes y después del referéndum,reino unido",#Fintech
1394453635,2016-05-06 08:35,,-0.15,0.4,"weekend sir,ex-,dark forces pic.twitter",#BREXIT #ColdMonday #SAS #EU
19000908,2016-05-06 08:24,,-1.0,1.0,"trump,brexit,brands migration crisis,‘horrible thing,europe’",
2724082992,2016-05-06 08:11,,-0.4,0.4,"game theorist pins,market fortunes,spain",#Brexit #gametheory #markets #stocks
2692730508,2016-05-06 08:00,,0.0,0.16666666666666666,"american media,debate -american-media-remains-uncharacteristically-quiet-on-the-brexit-debate…",#Brexit
58472412,2016-05-06 07:51,,0.13636363636363635,0.45454545454545453,"brexit,data protection privacy,surveillance laws,britain",
1606954561,2016-05-06 07:33,,0.25,0.25,"that`s,democracy,eu,safe journey,self destruction",#Brexit
3438918129,2016-05-06 07:30,,0.0,0.0,,#brexit #UK #Tech #Industry #technorth #EU #digital
498934829,2016-05-06 07:18,,0.0,0.0,"boris johnson,donald trump,obama",#Brexit
109828427,2016-05-06 07:06,,0.25,0.25,"uk,brexit,mufg,# .vyx6qsr22hy.twitter …",#
701020174640619521,2016-05-06 07:05,,0.25,0.375,"turkey,religious constitution",#EU #Brexit #EUref #VoteLeave #LeaveEU
111972225,2016-05-06 06:53,"Birkenhead, England",0.0,0.1,"wo n't,ballot paper",#VoteStay #VoteLeave #Brexit #FenceSitting
8057002,2016-05-06 06:42,,0.5,0.5,"donald trump,brexit,uk,eu",
20190704,2016-05-06 06:24,,0.0,0.1,"mep,political union",#Brexit
2495875008,2016-05-06 06:21,,0.0,0.0,"voters opt,change pic.twitter",#Brexit #UK
21666641,2016-05-06 06:02,,0.0,0.0,"hosts debate,mp richard fuller,mep",#BedsEU #Brexit #StrongerIn
266505722,2016-05-06 05:57,,0.0,0.0,"... ...,cheque 's",#Brexit #VoteLeave #LeaveEU
167589950,2016-05-06 05:49,,0.5,0.5,"eu,donald trump,brexit,uk,eu",
40854375,2016-05-06 05:40,,0.13636363636363635,0.45454545454545453,"relationship,brexit ireland,ireland’,academy house pic.twitter",#RIALaw #cathach
817849543,2016-05-06 05:30,,0.0,0.0,"bbc,eu,donald trump,brexit,post_id=10154204781194036_10154204782029036 …",#Leavecampaigndieshere
267283669,2016-05-06 05:12,,0.3666666666666667,0.7333333333333334,"brexit,obama,hillary,'s pro-eu rantings",
103065157,2016-05-06 05:01,,0.14444444444444443,0.41111111111111115,"strong leader,eu",#Brexit #out
166082448,2016-05-06 04:58,,0.0,0.0,"farage boris galloway ids gove,trump,monty python,tribute act…,eu",#Brexit
65909258,2016-05-06 04:45,,0.0,1.0,"wonder,uk,state status,brexit,scary times",
1349358054,2016-05-06 04:41,,0.0,0.0,"post replacement,re balance,chain relationships,a_post_brexit.pdf",#BREXIT #CAP
3803115322,2016-05-06 04:32,,0.0,0.0,"uk,eco weakness,uk,eu,stifles growth",#Brexit
2942029428,2016-05-06 04:27,,0.0,0.0,"donald,british politics backs ald-trump-brexit-uk-european-union… zippednews",#Trump #Brexit #ZippedNews
17836555,2016-05-06 04:18,,0.0,0.0,"dickie,brexit",
207258117,2016-05-06 04:13,,0.0,0.0,"morning 's,trade projections",#Brexit #KMexchange
3303060478,2016-05-06 04:02,,0.0,0.0,,#Brexit
72867714,2016-05-06 03:54,,0.25,0.75,"trump,brexit,uk,eu",
236810139,2016-05-06 03:48,,0.0,0.0,"donald trump,brexit,commentator,onald_trump_backs_brexit …",
36319617,2016-05-06 03:46,,0.0,0.0,"donald trump,british politics backs,brexit,presumptive republican,presidential nominee,donald tr",
2447970944,2016-05-06 03:37,"Southall, London",0.0,0.0,brexit,
14947013,2016-05-06 03:26,,0.0,0.0,"eu,donald trump,brexit,bbc,news bbc.co,cs-eu-referendum-36219612 …",
16270167,2016-05-06 03:13,,0.0,0.0,"ukip,boost brexit,nigel farage,election gains,anti-eu camp",
591741496,2016-05-06 03:08,,0.0,0.0,reason backs,#Trump #Brexit #EUref
1050898040,2016-05-06 02:51,,1.0,0.3,"table post,brexit",#StrongerIn
890629417,2016-05-06 02:37,,0.0,0.0,"eu,donald trump,brexit,bbc,oh,god,eu,cs-eu-referendum-36219612 …",
3399041795,2016-05-06 02:31,,0.275,0.525,"ft,uk,visa rules post,uk,own rules,eu",#brexit
717656948422942720,2016-05-06 02:21,,0.0,0.0,"eu,donald trump,brexit,cs-eu-referendum-36219612 …",
308723521,2016-05-06 02:05,"Wisbech, England",0.0,0.0,"trump,hopkins farage,galloway",#Brexit
47453985,2016-05-06 01:58,,0.0,0.5,"brexit,'may trigger,eu",#ixzz47qukO7dz
481489755,2016-05-06 01:42,,-0.6,0.9,,#TRUMP #Brexit
74951679,2016-05-06 01:25,,0.0,0.0,"als,prozent,gegen den stimmten,gab es schon einmal ein,eu-",#Brexit #Referendum #Großbritannien
2853333651,2016-05-06 01:03,,0.0,0.0,,#Brexit #BlondeAmbition #EURef #EUReferendum #VoteLeave #LeavingRocks
398827540,2016-05-06 00:52,,0.0,0.0,"ex-chefökonom,der bank,england,mister bean,erklärt den „,brexit",#Nachrichten
437417506,2016-05-06 00:20,,0.0,0.0,"trump,brexit",#TeamFollowBack #AutoFollowback
202715724,2016-05-06 00:14,,0.0,0.0,"trump,brexit",
1855904496,2016-05-05 23:42,,0.0,0.5,"gbp,brexit risk vs,outlook,target,credit agricole",
2288462990,2016-05-05 23:04,,-0.21875,0.175,"bang,unwieldy,eu,reason terrorists",#Brexit
17225962,2016-05-05 22:13,"El Dorado, KS",0.0,0.0,"sir,uk,mr. cameron",#Brexit
361362873,2016-05-05 21:37,,-0.35,0.6000000000000001,"trump,brexit,good news",
25385319,2016-05-05 20:49,,0.0,0.0,"ukip,brexit",
611810142,2016-05-05 20:25,,0.0,1.0,"landlord bizitalk,brexit,investment decisions",#btl
712374527477608450,2016-05-05 20:04,,0.0,0.0,"trump,brexit",
1703016494,2016-05-05 19:41,,0.0,0.0,,#Brexit
3308456248,2016-05-05 19:23,,0.021428571428571422,0.35892857142857143,"ukip,right wing ppls,brexit,overall,political parties,shit job",
1464842155,2016-05-05 19:02,,-0.125,0.4444444444444444,"michael o'leary,ryanair,tax haven,dublin,not,brexit",#bbcqt
87210400,2016-05-05 18:44,"Tottenham, London",0.15,0.55,"brexit,labour",#bbcqt
708083649078501376,2016-05-05 18:31,,-0.125,0.375,"eu,eu",#Brexit
220459349,2016-05-05 18:29,,-0.4,0.9,,#bbcqt #euref #brexit #lexit
53508805,2016-05-05 18:22,,0.875,0.6000000000000001,"who,good idea,lawson",#bbcqt #Brexit #France #StrongerIn
504975465,2016-05-05 18:12,,0.8,0.75,"brexit,aboout sovereignty,eu,great sovereignty",#bbcqt
327371820,2016-05-05 18:08,,0.0,0.25,"recent weeks,qt,cheer louder,brexit,pro-eu ones",#bbcqt
263909193,2016-05-05 18:05,,0.0,0.0,"strangulated,brexit",#bbcqt
428450289,2016-05-05 17:55,,-0.17857142857142858,0.2857142857142857,"elections,amid tight brexit,pro-eu sadiq khan poised,victory…",
2831262553,2016-05-05 17:30,,-0.3125,0.5,"britain,no more",#EU #iVoted #EURO #Brexit #LeaveEU
885356264,2016-05-06 11:56,,0.0,0.0,"bbc,eu,donald trump,brexit,cs-eu-referendum-36219612 …",
111341462,2016-05-06 11:53,,0.0,0.0,"cavalera,il,fallimento del fattore,corbyn,il voto sulla,brexit",
5715752,2016-05-06 11:35,,0.0,0.5,"definitely,was,briten,politikern,kommunalwahlen,zu verstehen gegeben",#Brexit
243223954,2016-05-06 11:21,,0.13636363636363635,0.45454545454545453,"stop press,brexit,theorist launches,new persuasive argument",#StrongerIn
17024991,2016-05-06 11:00,,0.0,0.0,brexit,
47451515,2016-05-06 10:46,,0.0,0.125,"translation,outcome,brexit",#iNews9K
146179396,2016-05-06 10:40,,0.09375,0.59375,"slim chances,liberal regime,christopher coughlan",#Brexit #dataprotection
1125937411,2016-05-06 10:27,,-0.8,0.95,london,#islam #brexit
70853866,2016-05-06 10:13,,-0.7999999999999999,1.0,,#brexit
54311364,2016-05-06 09:52,,0.0,0.0,obama,#UKReferendum #Brexit
3012235893,2016-05-06 09:43,,0.0,0.0,"qui,nouveau maire,c’est,l’un des sujets",#Londres #cdanslair #Brexit
22677215,2016-05-06 09:31,,0.0,0.0,brexit,
81633862,2016-05-06 09:12,"Haddenham, England",0.0,0.0,"wonder,camp condemn,thought",#BorisJohnson #Brexit #DonaldTrump #EUreferendum #Obama
465691315,2016-05-06 09:00,,0.16944444444444448,0.3972222222222222,"warning,japan,pm,uk,attractive prospect,foreign investors",#Brexit #EUReferendum
706872481072734209,2016-05-06 08:55,,0.0,0.0,"temido brexit,qué hará el mercado antes y después del referéndum,reino unido",#Fintech
1394453635,2016-05-06 08:35,,-0.15,0.4,"weekend sir,ex-,dark forces pic.twitter",#BREXIT #ColdMonday #SAS #EU
19000908,2016-05-06 08:24,,-1.0,1.0,"trump,brexit,brands migration crisis,‘horrible thing,europe’",
2724082992,2016-05-06 08:11,,-0.4,0.4,"game theorist pins,market fortunes,spain",#Brexit #gametheory #markets #stocks
2692730508,2016-05-06 08:00,,0.0,0.16666666666666666,"american media,debate -american-media-remains-uncharacteristically-quiet-on-the-brexit-debate…",#Brexit
58472412,2016-05-06 07:51,,0.13636363636363635,0.45454545454545453,"brexit,data protection privacy,surveillance laws,britain",
1606954561,2016-05-06 07:33,,0.25,0.25,"that`s,democracy,eu,safe journey,self destruction",#Brexit
3438918129,2016-05-06 07:30,,0.0,0.0,,#brexit #UK #Tech #Industry #technorth #EU #digital
498934829,2016-05-06 07:18,,0.0,0.0,"boris johnson,donald trump,obama",#Brexit
109828427,2016-05-06 07:06,,0.25,0.25,"uk,brexit,mufg,# .vyx6qsr22hy.twitter …",#
701020174640619521,2016-05-06 07:05,,0.25,0.375,"turkey,religious constitution",#EU #Brexit #EUref #VoteLeave #LeaveEU
111972225,2016-05-06 06:53,"Birkenhead, England",0.0,0.1,"wo n't,ballot paper",#VoteStay #VoteLeave #Brexit #FenceSitting
8057002,2016-05-06 06:42,,0.5,0.5,"donald trump,brexit,uk,eu",
20190704,2016-05-06 06:24,,0.0,0.1,"mep,political union",#Brexit
2495875008,2016-05-06 06:21,,0.0,0.0,"voters opt,change pic.twitter",#Brexit #UK
21666641,2016-05-06 06:02,,0.0,0.0,"hosts debate,mp richard fuller,mep",#BedsEU #Brexit #StrongerIn
266505722,2016-05-06 05:57,,0.0,0.0,"... ...,cheque 's",#Brexit #VoteLeave #LeaveEU
167589950,2016-05-06 05:49,,0.5,0.5,"eu,donald trump,brexit,uk,eu",
40854375,2016-05-06 05:40,,0.13636363636363635,0.45454545454545453,"relationship,brexit ireland,ireland’,academy house pic.twitter",#RIALaw #cathach
817849543,2016-05-06 05:30,,0.0,0.0,"bbc,eu,donald trump,brexit,post_id=10154204781194036_10154204782029036 …",#Leavecampaigndieshere
267283669,2016-05-06 05:12,,0.3666666666666667,0.7333333333333334,"brexit,obama,hillary,'s pro-eu rantings",
103065157,2016-05-06 05:01,,0.14444444444444443,0.41111111111111115,"strong leader,eu",#Brexit #out
166082448,2016-05-06 04:58,,0.0,0.0,"farage boris galloway ids gove,trump,monty python,tribute act…,eu",#Brexit
65909258,2016-05-06 04:45,,0.0,1.0,"wonder,uk,state status,brexit,scary times",
1349358054,2016-05-06 04:41,,0.0,0.0,"post replacement,re balance,chain relationships,a_post_brexit.pdf",#BREXIT #CAP
3803115322,2016-05-06 04:32,,0.0,0.0,"uk,eco weakness,uk,eu,stifles growth",#Brexit
2942029428,2016-05-06 04:27,,0.0,0.0,"donald,british politics backs ald-trump-brexit-uk-european-union… zippednews",#Trump #Brexit #ZippedNews
17836555,2016-05-06 04:18,,0.0,0.0,"dickie,brexit",
207258117,2016-05-06 04:13,,0.0,0.0,"morning 's,trade projections",#Brexit #KMexchange
3303060478,2016-05-06 04:02,,0.0,0.0,,#Brexit
72867714,2016-05-06 03:54,,0.25,0.75,"trump,brexit,uk,eu",
236810139,2016-05-06 03:48,,0.0,0.0,"donald trump,brexit,commentator,onald_trump_backs_brexit …",
36319617,2016-05-06 03:46,,0.0,0.0,"donald trump,british politics backs,brexit,presumptive republican,presidential nominee,donald tr",
2447970944,2016-05-06 03:37,"Southall, London",0.0,0.0,brexit,
14947013,2016-05-06 03:26,,0.0,0.0,"eu,donald trump,brexit,bbc,news bbc.co,cs-eu-referendum-36219612 …",
16270167,2016-05-06 03:13,,0.0,0.0,"ukip,boost brexit,nigel farage,election gains,anti-eu camp",
591741496,2016-05-06 03:08,,0.0,0.0,reason backs,#Trump #Brexit #EUref
1050898040,2016-05-06 02:51,,1.0,0.3,"table post,brexit",#StrongerIn
890629417,2016-05-06 02:37,,0.0,0.0,"eu,donald trump,brexit,bbc,oh,god,eu,cs-eu-referendum-36219612 …",
3399041795,2016-05-06 02:31,,0.275,0.525,"ft,uk,visa rules post,uk,own rules,eu",#brexit
717656948422942720,2016-05-06 02:21,,0.0,0.0,"eu,donald trump,brexit,cs-eu-referendum-36219612 …",
308723521,2016-05-06 02:05,"Wisbech, England",0.0,0.0,"trump,hopkins farage,galloway",#Brexit
47453985,2016-05-06 01:58,,0.0,0.5,"brexit,'may trigger,eu",#ixzz47qukO7dz
481489755,2016-05-06 01:42,,-0.6,0.9,,#TRUMP #Brexit
74951679,2016-05-06 01:25,,0.0,0.0,"als,prozent,gegen den stimmten,gab es schon einmal ein,eu-",#Brexit #Referendum #Großbritannien
2853333651,2016-05-06 01:03,,0.0,0.0,,#Brexit #BlondeAmbition #EURef #EUReferendum #VoteLeave #LeavingRocks
398827540,2016-05-06 00:52,,0.0,0.0,"ex-chefökonom,der bank,england,mister bean,erklärt den „,brexit",#Nachrichten
437417506,2016-05-06 00:20,,0.0,0.0,"trump,brexit",#TeamFollowBack #AutoFollowback
202715724,2016-05-06 00:14,,0.0,0.0,"trump,brexit",
1855904496,2016-05-05 23:42,,0.0,0.5,"gbp,brexit risk vs,outlook,target,credit agricole",
2288462990,2016-05-05 23:04,,-0.21875,0.175,"bang,unwieldy,eu,reason terrorists",#Brexit
17225962,2016-05-05 22:13,"El Dorado, KS",0.0,0.0,"sir,uk,mr. cameron",#Brexit
361362873,2016-05-05 21:37,,-0.35,0.6000000000000001,"trump,brexit,good news",
25385319,2016-05-05 20:49,,0.0,0.0,"ukip,brexit",
611810142,2016-05-05 20:25,,0.0,1.0,"landlord bizitalk,brexit,investment decisions",#btl
712374527477608450,2016-05-05 20:04,,0.0,0.0,"trump,brexit",
1703016494,2016-05-05 19:41,,0.0,0.0,,#Brexit
3308456248,2016-05-05 19:23,,0.021428571428571422,0.35892857142857143,"ukip,right wing ppls,brexit,overall,political parties,shit job",
1464842155,2016-05-05 19:02,,-0.125,0.4444444444444444,"michael o'leary,ryanair,tax haven,dublin,not,brexit",#bbcqt
87210400,2016-05-05 18:44,"Tottenham, London",0.15,0.55,"brexit,labour",#bbcqt
708083649078501376,2016-05-05 18:31,,-0.125,0.375,"eu,eu",#Brexit
220459349,2016-05-05 18:29,,-0.4,0.9,,#bbcqt #euref #brexit #lexit
53508805,2016-05-05 18:22,,0.875,0.6000000000000001,"who,good idea,lawson",#bbcqt #Brexit #France #StrongerIn
504975465,2016-05-05 18:12,,0.8,0.75,"brexit,aboout sovereignty,eu,great sovereignty",#bbcqt
327371820,2016-05-05 18:08,,0.0,0.25,"recent weeks,qt,cheer louder,brexit,pro-eu ones",#bbcqt
263909193,2016-05-05 18:05,,0.0,0.0,"strangulated,brexit",#bbcqt
428450289,2016-05-05 17:55,,-0.17857142857142858,0.2857142857142857,"elections,amid tight brexit,pro-eu sadiq khan poised,victory…",
2831262553,2016-05-05 17:30,,-0.3125,0.5,"britain,no more",#EU #iVoted #EURO #Brexit #LeaveEU
user_id,time,geo,polarity,subjectivity,wordnouns,hashtags
871599601,2016-05-05 12:31,,0.6,0.7,,#Millennials #DiEM_25 #Brexit #NuitDeboutPartout #DemocracySpring #German #Taxpayers
1128071294,2016-05-05 12:30,,0.0,0.0,l-older-people-decide-eu-referendum… pic.twitter,#Brexit #EUref #StrongerIN
53313315,2016-05-05 12:17,,0.2,0.30000000000000004,real money..,#Boris #Brexit
165768001,2016-05-05 12:00,,0.0,0.0,"may,watch",#Brexit #economic
601109181,2016-05-05 11:55,,0.4,0.8,free,#Brexit
27653880,2016-05-05 11:39,,0.0,0.5,commonwealth citizen,#wonderful #EUref #Brexit
571621476,2016-05-05 11:13,,0.09047619047619047,0.2857142857142857,,#scexit #brexit
711377582,2016-05-05 10:59,,0.0,0.0,brexit scouser,
3433148488,2016-05-05 10:51,,0.15,0.425,"japan pm warns brexit will deter,mr cameron,japan,investments worth,b ...",
17159441,2016-05-05 10:25,,0.0,0.0,"wolverhampton-based,mortgage lender,… pic.twitter",#Brexit
4272350907,2016-05-05 10:12,,0.0,0.0,"ppl ca n't,god,us,brexit",
161242354,2016-05-05 09:57,,0.5,0.5,"undecided,uk,brexit,icel chair fidelma macken",
18899855,2016-05-05 09:42,,0.0,1.0,"britse,bedrijven houden hun hart,naderend referendum rtlz,… pic.twitter",#Brexit
169063835,2016-05-05 09:36,,0.0,0.0,"brexit,uncertainty affects bottom line,businesses growthbusiness.co,t- …",
236045443,2016-05-05 09:17,,-0.25,0.25,"will,uk,eu,brexit,weighs heavily,economy,mere possibility,britis",
48315339,2016-05-05 09:15,,0.0,0.0,,#Brexit #EUReferendum
18632908,2016-05-05 08:49,,0.06666666666666665,0.7000000000000001,"sorry,guardian,brexit",
859306879,2016-05-05 08:44,,0.0,0.0,"morgan stanley,post- policy",#Brexit #BOE #UK
302054534,2016-05-05 08:25,,0.20714285714285713,0.3857142857142857,"thanks,rathbone,insightful presentation",#Brexit
3350484328,2016-05-05 08:19,,0.21111111111111114,0.35555555555555557,"update,1-japan 's,abe,brexit,uk,japanese investors,london may,reuters",
3192197441,2016-05-05 08:06,,-1.0,1.0,not,#Brexit #StrongerIN
11736882,2016-05-05 07:47,,-0.3499999999999999,0.5833333333333333,"brexit,bad idea,ope-36202490 …",#kbrs
721046621467906048,2016-05-05 07:34,,0.0,0.0875,"creates,leaders’ selects,“trains” “outside,authority”,pervert demographic process",#Brexit #VoteLEAVE
17270315,2016-05-05 07:29,"London, England",0.0,0.0,"does,irish citizens,uk,uk laws,eu",#brexit
719433903925301248,2016-05-05 07:05,,0.0,0.0,,#Tories #EUslavery #Brexit #VoteLeave #PollingDay
3509698695,2016-05-05 07:00,,0.7,1.0,"that,brexit",
18632029,2016-05-05 06:49,,0.0,0.0,lords,#expat #EUreferendum #Brexit #RemainInEU
87196467,2016-05-05 06:23,,0.125,0.4,"places,utm_term=eventurl_text … pic.twitter",#Brexit
4510755939,2016-05-05 06:14,,0.0,0.0,"supplychainemea,rt,video,chris sturman,ceo,fsdf,brexit,is-sturman-ceo-of-fsdf-on-brexit … …",#logisti
2474207083,2016-05-05 05:55,,-0.15,0.4,brexit,#Brexit #UnitedKingdom #EU
462238790,2016-05-05 05:47,,0.0,0.0,"grexit,brexit,a pic.twitter",#Brexit #Grexit #Migration #EU #Trade #Conservative
369576591,2016-05-05 05:30,,0.2672727272727273,0.33090909090909093,"new podcasts,legal implications,financial markets,dr ip",#Brexit
4881021155,2016-05-05 05:14,,-0.125,0.375,"mandleson,blair,eu,'s time",#Brexit
4227096208,2016-05-05 05:01,,0.0,0.0,brexit,#bizitalk #SMEs
247028265,2016-05-05 04:49,,0.0,0.0,"brexit,deals activity 52-11cd-11e6-839f-2922947098f0 …",
436183838,2016-05-05 04:37,,0.0,0.0,"uk,'s uk money",#EU #Brexit
135577188,2016-05-05 04:06,,-0.2,0.1,"must watch,movie,feature=youtu.be …,watch it share it,get,few undecides onboard",#Brexit
1048409659,2016-05-05 03:55,,0.85,0.45000000000000007,"good luck,hull,brexit",#voteukip
115787992,2016-05-05 03:38,,0.0,0.0,"cyclist,.. ..",#voteleave #peterborough #brexit #makebritaingreat
2326639869,2016-05-05 03:27,,-0.3,0.5,"sheep,desperate david cameron,countryfile,rural voters,brexit",#Voteleave
277446852,2016-05-05 03:10,,0.30000000000000004,0.30000000000000004,"really,eu",#Brexit #LeaveEU
2733816872,2016-05-05 02:49,,0.0,0.125,brexit,
3135565264,2016-05-05 02:36,,0.0,0.0,,#democracy #EU #EUReferendum #LeaveEU #VoteLeave #Brexit #Remain
1274950158,2016-05-05 02:13,,0.0,0.0,"boris,brexit,european summits es-post-brexit-european-summits… … pic.twitter",
38474832,2016-05-05 01:38,,-0.1,0.15000000000000002,"uk,big trouble",#Brexit #UK #RemainInEU #EUreferendum
871599601,2016-05-05 12:31,,0.6,0.7,,#Millennials #DiEM_25 #Brexit #NuitDeboutPartout #DemocracySpring #German #Taxpayers
1128071294,2016-05-05 12:30,,0.0,0.0,l-older-people-decide-eu-referendum… pic.twitter,#Brexit #EUref #StrongerIN
53313315,2016-05-05 12:17,,0.2,0.30000000000000004,real money..,#Boris #Brexit
165768001,2016-05-05 12:00,,0.0,0.0,"may,watch",#Brexit #economic
601109181,2016-05-05 11:55,,0.4,0.8,free,#Brexit
27653880,2016-05-05 11:39,,0.0,0.5,commonwealth citizen,#wonderful #EUref #Brexit
571621476,2016-05-05 11:13,,0.09047619047619047,0.2857142857142857,,#scexit #brexit
711377582,2016-05-05 10:59,,0.0,0.0,brexit scouser,
3433148488,2016-05-05 10:51,,0.15,0.425,"japan pm warns brexit will deter,mr cameron,japan,investments worth,b ...",
17159441,2016-05-05 10:25,,0.0,0.0,"wolverhampton-based,mortgage lender,… pic.twitter",#Brexit
4272350907,2016-05-05 10:12,,0.0,0.0,"ppl ca n't,god,us,brexit",
161242354,2016-05-05 09:57,,0.5,0.5,"undecided,uk,brexit,icel chair fidelma macken",
18899855,2016-05-05 09:42,,0.0,1.0,"britse,bedrijven houden hun hart,naderend referendum rtlz,… pic.twitter",#Brexit
169063835,2016-05-05 09:36,,0.0,0.0,"brexit,uncertainty affects bottom line,businesses growthbusiness.co,t- …",
236045443,2016-05-05 09:17,,-0.25,0.25,"will,uk,eu,brexit,weighs heavily,economy,mere possibility,britis",
48315339,2016-05-05 09:15,,0.0,0.0,,#Brexit #EUReferendum
18632908,2016-05-05 08:49,,0.06666666666666665,0.7000000000000001,"sorry,guardian,brexit",
859306879,2016-05-05 08:44,,0.0,0.0,"morgan stanley,post- policy",#Brexit #BOE #UK
302054534,2016-05-05 08:25,,0.20714285714285713,0.3857142857142857,"thanks,rathbone,insightful presentation",#Brexit
3350484328,2016-05-05 08:19,,0.21111111111111114,0.35555555555555557,"update,1-japan 's,abe,brexit,uk,japanese investors,london may,reuters",
3192197441,2016-05-05 08:06,,-1.0,1.0,not,#Brexit #StrongerIN
11736882,2016-05-05 07:47,,-0.3499999999999999,0.5833333333333333,"brexit,bad idea,ope-36202490 …",#kbrs
721046621467906048,2016-05-05 07:34,,0.0,0.0875,"creates,leaders’ selects,“trains” “outside,authority”,pervert demographic process",#Brexit #VoteLEAVE
17270315,2016-05-05 07:29,"London, England",0.0,0.0,"does,irish citizens,uk,uk laws,eu",#brexit
719433903925301248,2016-05-05 07:05,,0.0,0.0,,#Tories #EUslavery #Brexit #VoteLeave #PollingDay
3509698695,2016-05-05 07:00,,0.7,1.0,"that,brexit",
18632029,2016-05-05 06:49,,0.0,0.0,lords,#expat #EUreferendum #Brexit #RemainInEU
87196467,2016-05-05 06:23,,0.125,0.4,"places,utm_term=eventurl_text … pic.twitter",#Brexit
4510755939,2016-05-05 06:14,,0.0,0.0,"supplychainemea,rt,video,chris sturman,ceo,fsdf,brexit,is-sturman-ceo-of-fsdf-on-brexit … …",#logisti
2474207083,2016-05-05 05:55,,-0.15,0.4,brexit,#Brexit #UnitedKingdom #EU
462238790,2016-05-05 05:47,,0.0,0.0,"grexit,brexit,a pic.twitter",#Brexit #Grexit #Migration #EU #Trade #Conservative
369576591,2016-05-05 05:30,,0.2672727272727273,0.33090909090909093,"new podcasts,legal implications,financial markets,dr ip",#Brexit
4881021155,2016-05-05 05:14,,-0.125,0.375,"mandleson,blair,eu,'s time",#Brexit
4227096208,2016-05-05 05:01,,0.0,0.0,brexit,#bizitalk #SMEs
247028265,2016-05-05 04:49,,0.0,0.0,"brexit,deals activity 52-11cd-11e6-839f-2922947098f0 …",
436183838,2016-05-05 04:37,,0.0,0.0,"uk,'s uk money",#EU #Brexit
135577188,2016-05-05 04:06,,-0.2,0.1,"must watch,movie,feature=youtu.be …,watch it share it,get,few undecides onboard",#Brexit
1048409659,2016-05-05 03:55,,0.85,0.45000000000000007,"good luck,hull,brexit",#voteukip
115787992,2016-05-05 03:38,,0.0,0.0,"cyclist,.. ..",#voteleave #peterborough #brexit #makebritaingreat
2326639869,2016-05-05 03:27,,-0.3,0.5,"sheep,desperate david cameron,countryfile,rural voters,brexit",#Voteleave
277446852,2016-05-05 03:10,,0.30000000000000004,0.30000000000000004,"really,eu",#Brexit #LeaveEU
2733816872,2016-05-05 02:49,,0.0,0.125,brexit,
3135565264,2016-05-05 02:36,,0.0,0.0,,#democracy #EU #EUReferendum #LeaveEU #VoteLeave #Brexit #Remain
1274950158,2016-05-05 02:13,,0.0,0.0,"boris,brexit,european summits es-post-brexit-european-summits… … pic.twitter",
38474832,2016-05-05 01:38,,-0.1,0.15000000000000002,"uk,big trouble",#Brexit #UK #RemainInEU #EUreferendum
